collection_name,source_file,diagram_title_or_architecture_name,recommended_diagram_type,rendered_svg_path,rendered_png_path,intended_latex_usage_notes
advanced-cloud-architecture-plantuml,advanced-cloud-architecture-plantuml/diagrams/01_hypervisor_clustering.puml,Hypervisor Clustering,Sequence,svg/advanced-cloud-architecture-plantuml/diagrams/01_hypervisor_clustering.svg,png/advanced-cloud-architecture-plantuml/diagrams/01_hypervisor_clustering.png,"From a LaTeX document under src/architecture/cloud/architecture, use \includegraphics with cloud-architecture-diagram-library/png/advanced-cloud-architecture-plantuml/diagrams/01_hypervisor_clustering.png."
advanced-cloud-architecture-plantuml,advanced-cloud-architecture-plantuml/diagrams/02_virtual_server_clustering.puml,Virtual Server Clustering,Deployment,svg/advanced-cloud-architecture-plantuml/diagrams/02_virtual_server_clustering.svg,png/advanced-cloud-architecture-plantuml/diagrams/02_virtual_server_clustering.png,"From a LaTeX document under src/architecture/cloud/architecture, use \includegraphics with cloud-architecture-diagram-library/png/advanced-cloud-architecture-plantuml/diagrams/02_virtual_server_clustering.png."
advanced-cloud-architecture-plantuml,advanced-cloud-architecture-plantuml/diagrams/03_load_balanced_virtual_server_instances.puml,Load-Balanced Virtual Server Instances,Sequence,svg/advanced-cloud-architecture-plantuml/diagrams/03_load_balanced_virtual_server_instances.svg,png/advanced-cloud-architecture-plantuml/diagrams/03_load_balanced_virtual_server_instances.png,"From a LaTeX document under src/architecture/cloud/architecture, use \includegraphics with cloud-architecture-diagram-library/png/advanced-cloud-architecture-plantuml/diagrams/03_load_balanced_virtual_server_instances.png."
advanced-cloud-architecture-plantuml,advanced-cloud-architecture-plantuml/diagrams/04_nondisruptive_service_relocation.puml,Nondisruptive Service Relocation,Sequence,svg/advanced-cloud-architecture-plantuml/diagrams/04_nondisruptive_service_relocation.svg,png/advanced-cloud-architecture-plantuml/diagrams/04_nondisruptive_service_relocation.png,"From a LaTeX document under src/architecture/cloud/architecture, use \includegraphics with cloud-architecture-diagram-library/png/advanced-cloud-architecture-plantuml/diagrams/04_nondisruptive_service_relocation.png."
advanced-cloud-architecture-plantuml,advanced-cloud-architecture-plantuml/diagrams/05_zero_downtime.puml,Zero Downtime,Deployment,svg/advanced-cloud-architecture-plantuml/diagrams/05_zero_downtime.svg,png/advanced-cloud-architecture-plantuml/diagrams/05_zero_downtime.png,"From a LaTeX document under src/architecture/cloud/architecture, use \includegraphics with cloud-architecture-diagram-library/png/advanced-cloud-architecture-plantuml/diagrams/05_zero_downtime.png."
advanced-cloud-architecture-plantuml,advanced-cloud-architecture-plantuml/diagrams/06_cloud_balancing.puml,Cloud Balancing,Component,svg/advanced-cloud-architecture-plantuml/diagrams/06_cloud_balancing.svg,png/advanced-cloud-architecture-plantuml/diagrams/06_cloud_balancing.png,"From a LaTeX document under src/architecture/cloud/architecture, use \includegraphics with cloud-architecture-diagram-library/png/advanced-cloud-architecture-plantuml/diagrams/06_cloud_balancing.png."
advanced-cloud-architecture-plantuml,advanced-cloud-architecture-plantuml/diagrams/07_resilient_disaster_recovery.puml,Resilient Disaster Recovery,Deployment,svg/advanced-cloud-architecture-plantuml/diagrams/07_resilient_disaster_recovery.svg,png/advanced-cloud-architecture-plantuml/diagrams/07_resilient_disaster_recovery.png,"From a LaTeX document under src/architecture/cloud/architecture, use \includegraphics with cloud-architecture-diagram-library/png/advanced-cloud-architecture-plantuml/diagrams/07_resilient_disaster_recovery.png."
advanced-cloud-architecture-plantuml,advanced-cloud-architecture-plantuml/diagrams/08_distributed_data_sovereignty.puml,Distributed Data Sovereignty,Deployment,svg/advanced-cloud-architecture-plantuml/diagrams/08_distributed_data_sovereignty.svg,png/advanced-cloud-architecture-plantuml/diagrams/08_distributed_data_sovereignty.png,"From a LaTeX document under src/architecture/cloud/architecture, use \includegraphics with cloud-architecture-diagram-library/png/advanced-cloud-architecture-plantuml/diagrams/08_distributed_data_sovereignty.png."
advanced-cloud-architecture-plantuml,advanced-cloud-architecture-plantuml/diagrams/09_resource_reservation.puml,Resource Reservation,Activity,svg/advanced-cloud-architecture-plantuml/diagrams/09_resource_reservation.svg,png/advanced-cloud-architecture-plantuml/diagrams/09_resource_reservation.png,"From a LaTeX document under src/architecture/cloud/architecture, use \includegraphics with cloud-architecture-diagram-library/png/advanced-cloud-architecture-plantuml/diagrams/09_resource_reservation.png."
advanced-cloud-architecture-plantuml,advanced-cloud-architecture-plantuml/diagrams/10_dynamic_failure_detection_and_recovery.puml,Dynamic Failure Detection and Recovery,Activity,svg/advanced-cloud-architecture-plantuml/diagrams/10_dynamic_failure_detection_and_recovery.svg,png/advanced-cloud-architecture-plantuml/diagrams/10_dynamic_failure_detection_and_recovery.png,"From a LaTeX document under src/architecture/cloud/architecture, use \includegraphics with cloud-architecture-diagram-library/png/advanced-cloud-architecture-plantuml/diagrams/10_dynamic_failure_detection_and_recovery.png."
advanced-cloud-architecture-plantuml,advanced-cloud-architecture-plantuml/diagrams/11_rapid_provisioning.puml,Rapid Provisioning,Sequence,svg/advanced-cloud-architecture-plantuml/diagrams/11_rapid_provisioning.svg,png/advanced-cloud-architecture-plantuml/diagrams/11_rapid_provisioning.png,"From a LaTeX document under src/architecture/cloud/architecture, use \includegraphics with cloud-architecture-diagram-library/png/advanced-cloud-architecture-plantuml/diagrams/11_rapid_provisioning.png."
advanced-cloud-architecture-plantuml,advanced-cloud-architecture-plantuml/diagrams/12_storage_workload_management.puml,Storage Workload Management,Sequence,svg/advanced-cloud-architecture-plantuml/diagrams/12_storage_workload_management.svg,png/advanced-cloud-architecture-plantuml/diagrams/12_storage_workload_management.png,"From a LaTeX document under src/architecture/cloud/architecture, use \includegraphics with cloud-architecture-diagram-library/png/advanced-cloud-architecture-plantuml/diagrams/12_storage_workload_management.png."
advanced-cloud-architecture-plantuml,advanced-cloud-architecture-plantuml/diagrams/13_virtual_private_cloud.puml,Virtual Private Cloud,Deployment,svg/advanced-cloud-architecture-plantuml/diagrams/13_virtual_private_cloud.svg,png/advanced-cloud-architecture-plantuml/diagrams/13_virtual_private_cloud.png,"From a LaTeX document under src/architecture/cloud/architecture, use \includegraphics with cloud-architecture-diagram-library/png/advanced-cloud-architecture-plantuml/diagrams/13_virtual_private_cloud.png."
advanced-cloud-architecture-plantuml,advanced-cloud-architecture-plantuml/diagrams/14_case_study_example.puml,Case Study (Innovartus Role Player),Component,svg/advanced-cloud-architecture-plantuml/diagrams/14_case_study_example.svg,png/advanced-cloud-architecture-plantuml/diagrams/14_case_study_example.png,"From a LaTeX document under src/architecture/cloud/architecture, use \includegraphics with cloud-architecture-diagram-library/png/advanced-cloud-architecture-plantuml/diagrams/14_case_study_example.png."
cloud-arch-plantuml,cloud-arch-plantuml/00_overview_architecture_families.puml,Chapter 13 - Fundamental Cloud Architectures (Overview),Unspecified,svg/cloud-arch-plantuml/00_overview_architecture_families.svg,png/cloud-arch-plantuml/00_overview_architecture_families.png,"From a LaTeX document under src/architecture/cloud/architecture, use \includegraphics with cloud-architecture-diagram-library/png/cloud-arch-plantuml/00_overview_architecture_families.png."
cloud-arch-plantuml,cloud-arch-plantuml/01_workload_distribution.puml,Workload Distribution Architecture - Structure,Unspecified,svg/cloud-arch-plantuml/01_workload_distribution.svg,png/cloud-arch-plantuml/01_workload_distribution.png,"From a LaTeX document under src/architecture/cloud/architecture, use \includegraphics with cloud-architecture-diagram-library/png/cloud-arch-plantuml/01_workload_distribution.png."
cloud-arch-plantuml,cloud-arch-plantuml/02a_resource_pooling_subpools.puml,Resource Pooling Architecture - Pool Composition,Unspecified,svg/cloud-arch-plantuml/02a_resource_pooling_subpools.svg,png/cloud-arch-plantuml/02a_resource_pooling_subpools.png,"From a LaTeX document under src/architecture/cloud/architecture, use \includegraphics with cloud-architecture-diagram-library/png/cloud-arch-plantuml/02a_resource_pooling_subpools.png."
cloud-arch-plantuml,cloud-arch-plantuml/02b_resource_pooling_hierarchy.puml,Resource Pooling Architecture - Sibling and Nested Pools,Unspecified,svg/cloud-arch-plantuml/02b_resource_pooling_hierarchy.svg,png/cloud-arch-plantuml/02b_resource_pooling_hierarchy.png,"From a LaTeX document under src/architecture/cloud/architecture, use \includegraphics with cloud-architecture-diagram-library/png/cloud-arch-plantuml/02b_resource_pooling_hierarchy.png."
cloud-arch-plantuml,cloud-arch-plantuml/02c_resource_pooling_mechanisms.puml,Resource Pooling Architecture - Involved Mechanisms,Unspecified,svg/cloud-arch-plantuml/02c_resource_pooling_mechanisms.svg,png/cloud-arch-plantuml/02c_resource_pooling_mechanisms.png,"From a LaTeX document under src/architecture/cloud/architecture, use \includegraphics with cloud-architecture-diagram-library/png/cloud-arch-plantuml/02c_resource_pooling_mechanisms.png."
cloud-arch-plantuml,cloud-arch-plantuml/03a_dynamic_scalability_sequence.puml,Dynamic Scalability Architecture - Horizontal Scaling Flow,Unspecified,svg/cloud-arch-plantuml/03a_dynamic_scalability_sequence.svg,png/cloud-arch-plantuml/03a_dynamic_scalability_sequence.png,"From a LaTeX document under src/architecture/cloud/architecture, use \includegraphics with cloud-architecture-diagram-library/png/cloud-arch-plantuml/03a_dynamic_scalability_sequence.png."
cloud-arch-plantuml,cloud-arch-plantuml/03b_dynamic_scalability_activity.puml,Dynamic Scalability Architecture - Scaling Decision Logic,Unspecified,svg/cloud-arch-plantuml/03b_dynamic_scalability_activity.svg,png/cloud-arch-plantuml/03b_dynamic_scalability_activity.png,"From a LaTeX document under src/architecture/cloud/architecture, use \includegraphics with cloud-architecture-diagram-library/png/cloud-arch-plantuml/03b_dynamic_scalability_activity.png."
cloud-arch-plantuml,cloud-arch-plantuml/04a_elastic_resource_capacity_sequence.puml,Elastic Resource Capacity Architecture - Vertical Scaling Flow,Unspecified,svg/cloud-arch-plantuml/04a_elastic_resource_capacity_sequence.svg,png/cloud-arch-plantuml/04a_elastic_resource_capacity_sequence.png,"From a LaTeX document under src/architecture/cloud/architecture, use \includegraphics with cloud-architecture-diagram-library/png/cloud-arch-plantuml/04a_elastic_resource_capacity_sequence.png."
cloud-arch-plantuml,cloud-arch-plantuml/04b_elastic_resource_capacity_components.puml,Elastic Resource Capacity Architecture - Mechanisms,Unspecified,svg/cloud-arch-plantuml/04b_elastic_resource_capacity_components.svg,png/cloud-arch-plantuml/04b_elastic_resource_capacity_components.png,"From a LaTeX document under src/architecture/cloud/architecture, use \includegraphics with cloud-architecture-diagram-library/png/cloud-arch-plantuml/04b_elastic_resource_capacity_components.png."
cloud-arch-plantuml,cloud-arch-plantuml/05a_service_load_balancing_external.puml,Service Load Balancing Architecture - External Load Balancer,Unspecified,svg/cloud-arch-plantuml/05a_service_load_balancing_external.svg,png/cloud-arch-plantuml/05a_service_load_balancing_external.png,"From a LaTeX document under src/architecture/cloud/architecture, use \includegraphics with cloud-architecture-diagram-library/png/cloud-arch-plantuml/05a_service_load_balancing_external.png."
cloud-arch-plantuml,cloud-arch-plantuml/05b_service_load_balancing_builtin.puml,Service Load Balancing Architecture - Built-in Load Balancer,Unspecified,svg/cloud-arch-plantuml/05b_service_load_balancing_builtin.svg,png/cloud-arch-plantuml/05b_service_load_balancing_builtin.png,"From a LaTeX document under src/architecture/cloud/architecture, use \includegraphics with cloud-architecture-diagram-library/png/cloud-arch-plantuml/05b_service_load_balancing_builtin.png."
cloud-arch-plantuml,cloud-arch-plantuml/06a_cloud_bursting_deployment.puml,Cloud Bursting Architecture - Burst-Out and Burst-In,Unspecified,svg/cloud-arch-plantuml/06a_cloud_bursting_deployment.svg,png/cloud-arch-plantuml/06a_cloud_bursting_deployment.png,"From a LaTeX document under src/architecture/cloud/architecture, use \includegraphics with cloud-architecture-diagram-library/png/cloud-arch-plantuml/06a_cloud_bursting_deployment.png."
cloud-arch-plantuml,cloud-arch-plantuml/06b_cloud_bursting_activity.puml,Cloud Bursting Architecture - Burst Decision Flow,Unspecified,svg/cloud-arch-plantuml/06b_cloud_bursting_activity.svg,png/cloud-arch-plantuml/06b_cloud_bursting_activity.png,"From a LaTeX document under src/architecture/cloud/architecture, use \includegraphics with cloud-architecture-diagram-library/png/cloud-arch-plantuml/06b_cloud_bursting_activity.png."
cloud-arch-plantuml,cloud-arch-plantuml/07a_elastic_disk_provisioning_sequence.puml,Elastic Disk Provisioning Architecture - Thin-Provisioning Flow,Unspecified,svg/cloud-arch-plantuml/07a_elastic_disk_provisioning_sequence.svg,png/cloud-arch-plantuml/07a_elastic_disk_provisioning_sequence.png,"From a LaTeX document under src/architecture/cloud/architecture, use \includegraphics with cloud-architecture-diagram-library/png/cloud-arch-plantuml/07a_elastic_disk_provisioning_sequence.png."
cloud-arch-plantuml,cloud-arch-plantuml/07b_elastic_disk_provisioning_comparison.puml,Elastic Disk Provisioning - Fixed vs Elastic Allocation,Unspecified,svg/cloud-arch-plantuml/07b_elastic_disk_provisioning_comparison.svg,png/cloud-arch-plantuml/07b_elastic_disk_provisioning_comparison.png,"From a LaTeX document under src/architecture/cloud/architecture, use \includegraphics with cloud-architecture-diagram-library/png/cloud-arch-plantuml/07b_elastic_disk_provisioning_comparison.png."
cloud-arch-plantuml,cloud-arch-plantuml/08a_redundant_storage_components.puml,Redundant Storage Architecture - Failover System,Unspecified,svg/cloud-arch-plantuml/08a_redundant_storage_components.svg,png/cloud-arch-plantuml/08a_redundant_storage_components.png,"From a LaTeX document under src/architecture/cloud/architecture, use \includegraphics with cloud-architecture-diagram-library/png/cloud-arch-plantuml/08a_redundant_storage_components.png."
cloud-arch-plantuml,cloud-arch-plantuml/08b_redundant_storage_sequence.puml,Redundant Storage Architecture - Replication and Failover Sequence,Unspecified,svg/cloud-arch-plantuml/08b_redundant_storage_sequence.svg,png/cloud-arch-plantuml/08b_redundant_storage_sequence.png,"From a LaTeX document under src/architecture/cloud/architecture, use \includegraphics with cloud-architecture-diagram-library/png/cloud-arch-plantuml/08b_redundant_storage_sequence.png."
cloud-arch-plantuml,cloud-arch-plantuml/09a_multicloud_deployment.puml,Multicloud Architecture - Resources Distributed Across Public Clouds,Unspecified,svg/cloud-arch-plantuml/09a_multicloud_deployment.svg,png/cloud-arch-plantuml/09a_multicloud_deployment.png,"From a LaTeX document under src/architecture/cloud/architecture, use \includegraphics with cloud-architecture-diagram-library/png/cloud-arch-plantuml/09a_multicloud_deployment.png."
cloud-arch-plantuml,cloud-arch-plantuml/09b_multicloud_rationale.puml,Multicloud Architecture - Provider Selection Rationale,Unspecified,svg/cloud-arch-plantuml/09b_multicloud_rationale.svg,png/cloud-arch-plantuml/09b_multicloud_rationale.png,"From a LaTeX document under src/architecture/cloud/architecture, use \includegraphics with cloud-architecture-diagram-library/png/cloud-arch-plantuml/09b_multicloud_rationale.png."
cloud-arch-plantuml,cloud-arch-plantuml/10_case_study_atn.puml,Case Study - ATN Remote Upload Module Cloud Bursting,Unspecified,svg/cloud-arch-plantuml/10_case_study_atn.svg,png/cloud-arch-plantuml/10_case_study_atn.png,"From a LaTeX document under src/architecture/cloud/architecture, use \includegraphics with cloud-architecture-diagram-library/png/cloud-arch-plantuml/10_case_study_atn.png."
specialized-cloud-architectures-puml,specialized-cloud-architectures-puml/01-direct-io-access.puml,Direct I/O Access Architecture - Virtual server bypasses the hypervisor to use the physical I/O card,Unspecified,svg/specialized-cloud-architectures-puml/01-direct-io-access.svg,png/specialized-cloud-architectures-puml/01-direct-io-access.png,"From a LaTeX document under src/architecture/cloud/architecture, use \includegraphics with cloud-architecture-diagram-library/png/specialized-cloud-architectures-puml/01-direct-io-access.png."
specialized-cloud-architectures-puml,specialized-cloud-architectures-puml/02-direct-lun-access.puml,Direct LUN Access Architecture - Virtual servers reach RAW block-based LUNs via a physical HBA,Unspecified,svg/specialized-cloud-architectures-puml/02-direct-lun-access.svg,png/specialized-cloud-architectures-puml/02-direct-lun-access.png,"From a LaTeX document under src/architecture/cloud/architecture, use \includegraphics with cloud-architecture-diagram-library/png/specialized-cloud-architectures-puml/02-direct-lun-access.png."
specialized-cloud-architectures-puml,specialized-cloud-architectures-puml/03-dynamic-data-normalization.puml,Dynamic Data Normalization Architecture - De-duplication examines blocks before storage and replaces redundant blocks with pointers,Unspecified,svg/specialized-cloud-architectures-puml/03-dynamic-data-normalization.svg,png/specialized-cloud-architectures-puml/03-dynamic-data-normalization.png,"From a LaTeX document under src/architecture/cloud/architecture, use \includegraphics with cloud-architecture-diagram-library/png/specialized-cloud-architectures-puml/03-dynamic-data-normalization.png."
specialized-cloud-architectures-puml,specialized-cloud-architectures-puml/04-elastic-network-capacity.puml,Elastic Network Capacity Architecture - Dynamic allocation of bandwidth and ports to avoid runtime bottlenecks,Unspecified,svg/specialized-cloud-architectures-puml/04-elastic-network-capacity.svg,png/specialized-cloud-architectures-puml/04-elastic-network-capacity.png,"From a LaTeX document under src/architecture/cloud/architecture, use \includegraphics with cloud-architecture-diagram-library/png/specialized-cloud-architectures-puml/04-elastic-network-capacity.png."
specialized-cloud-architectures-puml,specialized-cloud-architectures-puml/05-cross-storage-device-vertical-tiering.puml,Cross-Storage Device Vertical Tiering Architecture - LUN scales up across devices without disconnecting consumers,Unspecified,svg/specialized-cloud-architectures-puml/05-cross-storage-device-vertical-tiering.svg,png/specialized-cloud-architectures-puml/05-cross-storage-device-vertical-tiering.png,"From a LaTeX document under src/architecture/cloud/architecture, use \includegraphics with cloud-architecture-diagram-library/png/specialized-cloud-architectures-puml/05-cross-storage-device-vertical-tiering.png."
specialized-cloud-architectures-puml,specialized-cloud-architectures-puml/06-intra-storage-device-vertical-data-tiering.puml,Intra-Storage Device Vertical Data Tiering Architecture - LUNs migrate between graded disk tiers inside a single storage device,Unspecified,svg/specialized-cloud-architectures-puml/06-intra-storage-device-vertical-data-tiering.svg,png/specialized-cloud-architectures-puml/06-intra-storage-device-vertical-data-tiering.png,"From a LaTeX document under src/architecture/cloud/architecture, use \includegraphics with cloud-architecture-diagram-library/png/specialized-cloud-architectures-puml/06-intra-storage-device-vertical-data-tiering.png."
specialized-cloud-architectures-puml,specialized-cloud-architectures-puml/07-load-balanced-virtual-switches.puml,Load-Balanced Virtual Switches Architecture - Multiple uplinks (NIC team) distribute traffic to avoid bottlenecks,Unspecified,svg/specialized-cloud-architectures-puml/07-load-balanced-virtual-switches.svg,png/specialized-cloud-architectures-puml/07-load-balanced-virtual-switches.png,"From a LaTeX document under src/architecture/cloud/architecture, use \includegraphics with cloud-architecture-diagram-library/png/specialized-cloud-architectures-puml/07-load-balanced-virtual-switches.png."
specialized-cloud-architectures-puml,specialized-cloud-architectures-puml/08-multipath-resource-access.puml,Multipath Resource Access Architecture - Alternative paths keep an IT resource reachable when one path fails,Unspecified,svg/specialized-cloud-architectures-puml/08-multipath-resource-access.svg,png/specialized-cloud-architectures-puml/08-multipath-resource-access.png,"From a LaTeX document under src/architecture/cloud/architecture, use \includegraphics with cloud-architecture-diagram-library/png/specialized-cloud-architectures-puml/08-multipath-resource-access.png."
specialized-cloud-architectures-puml,specialized-cloud-architectures-puml/09-persistent-virtual-network-configuration.puml,Persistent Virtual Network Configuration Architecture - Centralized switch + VIM replicate config so migrated VMs keep network connectivity,Unspecified,svg/specialized-cloud-architectures-puml/09-persistent-virtual-network-configuration.svg,png/specialized-cloud-architectures-puml/09-persistent-virtual-network-configuration.png,"From a LaTeX document under src/architecture/cloud/architecture, use \includegraphics with cloud-architecture-diagram-library/png/specialized-cloud-architectures-puml/09-persistent-virtual-network-configuration.png."
specialized-cloud-architectures-puml,specialized-cloud-architectures-puml/10-redundant-physical-connection-virtual.puml,Redundant Physical Connection for Virtual Servers Architecture - Standby uplink takes over transparently when the primary uplink fails,Unspecified,svg/specialized-cloud-architectures-puml/10-redundant-physical-connection-virtual.svg,png/specialized-cloud-architectures-puml/10-redundant-physical-connection-virtual.png,"From a LaTeX document under src/architecture/cloud/architecture, use \includegraphics with cloud-architecture-diagram-library/png/specialized-cloud-architectures-puml/10-redundant-physical-connection-virtual.png."
specialized-cloud-architectures-puml,specialized-cloud-architectures-puml/11-storage-maintenance-window.puml,Storage Maintenance Window Architecture - Live storage migration redirects consumers to a secondary device during maintenance,Unspecified,svg/specialized-cloud-architectures-puml/11-storage-maintenance-window.svg,png/specialized-cloud-architectures-puml/11-storage-maintenance-window.png,"From a LaTeX document under src/architecture/cloud/architecture, use \includegraphics with cloud-architecture-diagram-library/png/specialized-cloud-architectures-puml/11-storage-maintenance-window.png."
specialized-cloud-architectures-puml,specialized-cloud-architectures-puml/12-edge-computing.puml,Edge Computing Architecture - Intermediate edge layer between cloud and consumer locations,Unspecified,svg/specialized-cloud-architectures-puml/12-edge-computing.svg,png/specialized-cloud-architectures-puml/12-edge-computing.png,"From a LaTeX document under src/architecture/cloud/architecture, use \includegraphics with cloud-architecture-diagram-library/png/specialized-cloud-architectures-puml/12-edge-computing.png."
specialized-cloud-architectures-puml,specialized-cloud-architectures-puml/13-fog-computing.puml,Fog Computing Architecture - Intermediary fog layer relays and pre-processes data between edges and the cloud,Unspecified,svg/specialized-cloud-architectures-puml/13-fog-computing.svg,png/specialized-cloud-architectures-puml/13-fog-computing.png,"From a LaTeX document under src/architecture/cloud/architecture, use \includegraphics with cloud-architecture-diagram-library/png/specialized-cloud-architectures-puml/13-fog-computing.png."
specialized-cloud-architectures-puml,specialized-cloud-architectures-puml/14-virtual-data-abstraction.puml,Virtual Data Abstraction Architecture - A data virtualization layer presents a uniform API over disparate data sources,Unspecified,svg/specialized-cloud-architectures-puml/14-virtual-data-abstraction.svg,png/specialized-cloud-architectures-puml/14-virtual-data-abstraction.png,"From a LaTeX document under src/architecture/cloud/architecture, use \includegraphics with cloud-architecture-diagram-library/png/specialized-cloud-architectures-puml/14-virtual-data-abstraction.png."
specialized-cloud-architectures-puml,specialized-cloud-architectures-puml/15-metacloud.puml,"Metacloud Architecture - A centralized control layer abstracts cross-cloud management, operations, security, and governance",Unspecified,svg/specialized-cloud-architectures-puml/15-metacloud.svg,png/specialized-cloud-architectures-puml/15-metacloud.png,"From a LaTeX document under src/architecture/cloud/architecture, use \includegraphics with cloud-architecture-diagram-library/png/specialized-cloud-architectures-puml/15-metacloud.png."
specialized-cloud-architectures-puml,specialized-cloud-architectures-puml/16-federated-cloud-application.puml,Federated Cloud Application Architecture - Application services placed across clouds where each placement is most advantageous,Unspecified,svg/specialized-cloud-architectures-puml/16-federated-cloud-application.svg,png/specialized-cloud-architectures-puml/16-federated-cloud-application.png,"From a LaTeX document under src/architecture/cloud/architecture, use \includegraphics with cloud-architecture-diagram-library/png/specialized-cloud-architectures-puml/16-federated-cloud-application.png."
specialized-cloud-architectures-puml,specialized-cloud-architectures-puml/00-specialized-cloud-architectures-index.puml,Specialized Cloud Architectures - Index - Grouping by major concern (Chapter 15),Unspecified,svg/specialized-cloud-architectures-puml/00-specialized-cloud-architectures-index.svg,png/specialized-cloud-architectures-puml/00-specialized-cloud-architectures-index.png,"From a LaTeX document under src/architecture/cloud/architecture, use \includegraphics with cloud-architecture-diagram-library/png/specialized-cloud-architectures-puml/00-specialized-cloud-architectures-index.png."



