source_path,source_filename,source_sha256,collection,canonical_filename,unit_type,top_level_unit,unit_identifier,document_title,topic_slug,destination_path,transformed_sha256,classification_evidence,status
01-scope-cornell-notes.tex,01-scope-cornell-notes.tex,f61e0e602dfcb7a59f3f26d389c37df98d56ee40c776575a1f7a1eeabba34710,iso,01-scope-cornell-notes.tex,Clause,01,01,Scope,01-scope,src/cornell-notes/architecture/standards/iso-iec-ieee-42010-2022/clauses/01-scope/01-scope-cornell-notes.tex,9436503042fd54e83285a26574e45c2d836abc54f0c3be96fd830b31628efcec,ISO-specific CNavy/CLight Cornell template,installed
02-normative-references-cornell-notes.tex,02-normative-references-cornell-notes.tex,35e421dab7c059e4d1992379f9949724387e08c2b803bcd41c9fd21cedd04737,iso,02-normative-references-cornell-notes.tex,Clause,02,02,Normative References,02-normative-references,src/cornell-notes/architecture/standards/iso-iec-ieee-42010-2022/clauses/02-normative-references/02-normative-references-cornell-notes.tex,ea98d46164261af1dcc920b9b6140d01253251577fe405ad977dd12494fcf103,ISO-specific CNavy/CLight Cornell template,installed
03-01-architecting-cornell-notes.tex,03-01-architecting-cornell-notes.tex,34ca07dade806efd3b7dad981fd05ec4b170818469b3a4d8b12bf5d11f7c014e,iso,03-01-architecting-cornell-notes.tex,Clause,03,03.01,Architecting,03-architecting,src/cornell-notes/architecture/standards/iso-iec-ieee-42010-2022/clauses/03-architecting/03-01-architecting-cornell-notes.tex,74bf5d30b28f4527a1f2f32dfd5be0bab07e7dd54d4f8141976d5d2a422df9b3,ISO-specific CNavy/CLight Cornell template,installed
03-02-architecture-cornell-notes.tex,03-02-architecture-cornell-notes.tex,58eced0dcbeca0abd9d266337b9c284153e578f00bad55fe55045d48f8b51683,iso,03-02-architecture-cornell-notes.tex,Clause,03,03.02,Architecture,03-architecture,src/cornell-notes/architecture/standards/iso-iec-ieee-42010-2022/clauses/03-architecture/03-02-architecture-cornell-notes.tex,36d24e5452cf82b4868ca8d04c5d628a048f829097eb5ace86f01c2b44c3f56d,ISO-specific CNavy/CLight Cornell template,installed
03-03-architecture-description-cornell-notes.tex,03-03-architecture-description-cornell-notes.tex,c7d22adf86fc20fffe5eab3144adb53b764c5649931d83caa4e98d0c0331cb1c,iso,03-03-architecture-description-cornell-notes.tex,Clause,03,03.03,Architecture Description,03-architecture-description,src/cornell-notes/architecture/standards/iso-iec-ieee-42010-2022/clauses/03-architecture-description/03-03-architecture-description-cornell-notes.tex,9f0beef4d776256fce881b86b63c8982d89d615b9c6d46fa65be32bf139a083a,ISO-specific CNavy/CLight Cornell template,installed
03-04-architecture-description-element-cornell-notes.tex,03-04-architecture-description-element-cornell-notes.tex,34024338f3855e4162c7d98962ab90425ceeef9ebd39e107b546516a1e2d48d1,iso,03-04-architecture-description-element-cornell-notes.tex,Clause,03,03.04,Architecture Description Element,03-architecture-description-element,src/cornell-notes/architecture/standards/iso-iec-ieee-42010-2022/clauses/03-architecture-description-element/03-04-architecture-description-element-cornell-notes.tex,83465f5f9bb3d85dcef6c62028b57f4587918c515d411bfb4ce332d3876bf323,ISO-specific CNavy/CLight Cornell template,installed
03-05-architecture-description-framework-cornell-notes.tex,03-05-architecture-description-framework-cornell-notes.tex,271fc95a6fcfbc7e3d6dfc38bb22f65f71e9dcce9f1b38beee5c1e0adb2c3d40,iso,03-05-architecture-description-framework-cornell-notes.tex,Clause,03,03.05,Architecture Description Framework,03-architecture-description-framework,src/cornell-notes/architecture/standards/iso-iec-ieee-42010-2022/clauses/03-architecture-description-framework/03-05-architecture-description-framework-cornell-notes.tex,34a5799c0b1a41d0bcfb4404948d415b70a47b487ab959e69ef954992f999021,ISO-specific CNavy/CLight Cornell template,installed
03-06-architecture-description-language-cornell-notes.tex,03-06-architecture-description-language-cornell-notes.tex,d1b10ae6e2431ebb7f9d704ce4e01ab1490f4db797fd5be9a68231d18551d437,iso,03-06-architecture-description-language-cornell-notes.tex,Clause,03,03.06,Architecture Description Language,03-architecture-description-language,src/cornell-notes/architecture/standards/iso-iec-ieee-42010-2022/clauses/03-architecture-description-language/03-06-architecture-description-language-cornell-notes.tex,5c95370e8bedaf416d8c481c9758a9b61074d487b6b666ac5d10f5bdc176542d,ISO-specific CNavy/CLight Cornell template,installed
03-07-architecture-view-cornell-notes.tex,03-07-architecture-view-cornell-notes.tex,dccc7b048c3fd143cd1f0b9609ec99385ad9428033f2d9641fc3332598cfb64e,iso,03-07-architecture-view-cornell-notes.tex,Clause,03,03.07,Architecture View,03-architecture-view,src/cornell-notes/architecture/standards/iso-iec-ieee-42010-2022/clauses/03-architecture-view/03-07-architecture-view-cornell-notes.tex,9a0aa480ee46fa131e537042369121db33ed2e33ae1fae14dccf030269a2fbbe,ISO-specific CNavy/CLight Cornell template,installed
03-08-architecture-viewpoint-cornell-notes.tex,03-08-architecture-viewpoint-cornell-notes.tex,757479af4bfb99e160672e6543b46a275d58ce1e0f0bfe62289831981a63b602,iso,03-08-architecture-viewpoint-cornell-notes.tex,Clause,03,03.08,Architecture Viewpoint,03-architecture-viewpoint,src/cornell-notes/architecture/standards/iso-iec-ieee-42010-2022/clauses/03-architecture-viewpoint/03-08-architecture-viewpoint-cornell-notes.tex,3f05b64b97923778c376f39db59601409cfe9bfff0bda0110a4b6e5f4ea7560d,ISO-specific CNavy/CLight Cornell template,installed
03-09-aspect-cornell-notes.tex,03-09-aspect-cornell-notes.tex,434f67505c2fa242a7915a69732b3b7e488f87c906af647284c2f5582260c16c,iso,03-09-aspect-cornell-notes.tex,Clause,03,03.09,Aspect,03-aspect,src/cornell-notes/architecture/standards/iso-iec-ieee-42010-2022/clauses/03-aspect/03-09-aspect-cornell-notes.tex,a97da32b19ec3d0461c12d597edb923b61b628f88e740464871501d1e80131be,ISO-specific CNavy/CLight Cornell template,installed
03-10-concern-cornell-notes.tex,03-10-concern-cornell-notes.tex,8eb033d16e686192c15171de01310b057d8dea71c0637b35da32f03ad4818712,iso,03-10-concern-cornell-notes.tex,Clause,03,03.10,Concern,03-concern,src/cornell-notes/architecture/standards/iso-iec-ieee-42010-2022/clauses/03-concern/03-10-concern-cornell-notes.tex,3b4243c80b48e9030782409aa96dc4ad13da5f3366dd41ce6d0df2c652161580,ISO-specific CNavy/CLight Cornell template,installed
03-11-correspondence-cornell-notes.tex,03-11-correspondence-cornell-notes.tex,ac907c8c38cf3ac4d1fd1ce04d296dfce65868e325c93dd431d4e9ce65deb1ac,iso,03-11-correspondence-cornell-notes.tex,Clause,03,03.11,Correspondence,03-correspondence,src/cornell-notes/architecture/standards/iso-iec-ieee-42010-2022/clauses/03-correspondence/03-11-correspondence-cornell-notes.tex,211bed9dc56816e73e3921a1b5e74e71e4edbbdf2307539657dd8d07138ca495,ISO-specific CNavy/CLight Cornell template,installed
03-12-entity-of-interest-cornell-notes.tex,03-12-entity-of-interest-cornell-notes.tex,142d6d9cc9c764b5dd195bc25a29b890827b3eb032f79a682bdae166d3111022,iso,03-12-entity-of-interest-cornell-notes.tex,Clause,03,03.12,Entity Of Interest,03-entity-of-interest,src/cornell-notes/architecture/standards/iso-iec-ieee-42010-2022/clauses/03-entity-of-interest/03-12-entity-of-interest-cornell-notes.tex,fa9457f615168adf1bc0f00e5c2a4ecbb91c6fe5febbd14c0fdeae3b61690662,ISO-specific CNavy/CLight Cornell template,installed
03-13-environment-cornell-notes.tex,03-13-environment-cornell-notes.tex,fe54be5ace731b3274c8e8d882cf6ef95859ac66cefedbd4cdc7f1c559d7944e,iso,03-13-environment-cornell-notes.tex,Clause,03,03.13,Environment,03-environment,src/cornell-notes/architecture/standards/iso-iec-ieee-42010-2022/clauses/03-environment/03-13-environment-cornell-notes.tex,d04cce111a79cff597acf6567cac4842713f697b9b278e4acd2a971afc9dd578,ISO-specific CNavy/CLight Cornell template,installed
03-14-information-part-cornell-notes.tex,03-14-information-part-cornell-notes.tex,e2eee5f0b6be7c511349ad0663f7eca3c1fbecdac3c9e40f770254d448452a2a,iso,03-14-information-part-cornell-notes.tex,Clause,03,03.14,Information Part,03-information-part,src/cornell-notes/architecture/standards/iso-iec-ieee-42010-2022/clauses/03-information-part/03-14-information-part-cornell-notes.tex,3e5cbdb70b5847763e898b39c7a1a8935ef7501e2402b809c2941a97d5b71387,ISO-specific CNavy/CLight Cornell template,installed
03-15-model-kind-cornell-notes.tex,03-15-model-kind-cornell-notes.tex,779e246ba6a85dbb2af886d63355b1c53db4e0905aa88125450735d0d20d70a5,iso,03-15-model-kind-cornell-notes.tex,Clause,03,03.15,Model Kind,03-model-kind,src/cornell-notes/architecture/standards/iso-iec-ieee-42010-2022/clauses/03-model-kind/03-15-model-kind-cornell-notes.tex,53ae611cc27253aa55e6f9b17b1692cad7791aad873522107ea355a0871a89f7,ISO-specific CNavy/CLight Cornell template,installed
03-16-specification-cornell-notes.tex,03-16-specification-cornell-notes.tex,1197a1000548f996f5fc91ab80aeffc009bc89805032bd29a810e9dd32390686,iso,03-16-specification-cornell-notes.tex,Clause,03,03.16,Specification,03-specification,src/cornell-notes/architecture/standards/iso-iec-ieee-42010-2022/clauses/03-specification/03-16-specification-cornell-notes.tex,ad5dd828329b08d7984a7adb6b30ac3a23ecc0e82420c004e83a7966206baedb,ISO-specific CNavy/CLight Cornell template,installed
03-17-stakeholder-cornell-notes.tex,03-17-stakeholder-cornell-notes.tex,a08d77a100e0414f0f05cd536521fccc2413f2b95007f8fb63d8014962033f9f,iso,03-17-stakeholder-cornell-notes.tex,Clause,03,03.17,Stakeholder,03-stakeholder,src/cornell-notes/architecture/standards/iso-iec-ieee-42010-2022/clauses/03-stakeholder/03-17-stakeholder-cornell-notes.tex,bc446606cb09f9d5ecad5814497a40d2d7405df8506c4548f7a4ebcd16e9c354,ISO-specific CNavy/CLight Cornell template,installed
03-18-stakeholder-perspective-cornell-notes.tex,03-18-stakeholder-perspective-cornell-notes.tex,7af987f965036916a6061197ef2dc52f9e7a140348bf2b483abad2667bbe8ae0,iso,03-18-stakeholder-perspective-cornell-notes.tex,Clause,03,03.18,Stakeholder Perspective,03-stakeholder-perspective,src/cornell-notes/architecture/standards/iso-iec-ieee-42010-2022/clauses/03-stakeholder-perspective/03-18-stakeholder-perspective-cornell-notes.tex,3969d1e28b842cf4b6716d373b802d911cae382a07685dc6210e822bc2041475,ISO-specific CNavy/CLight Cornell template,installed
03-19-view-component-cornell-notes.tex,03-19-view-component-cornell-notes.tex,68c4a0a0036dc5a322ccce630e32e42b610344c20be1bbd8379c8df2beb87abd,iso,03-19-view-component-cornell-notes.tex,Clause,03,03.19,View Component,03-view-component,src/cornell-notes/architecture/standards/iso-iec-ieee-42010-2022/clauses/03-view-component/03-19-view-component-cornell-notes.tex,050a4fdc412de0b4a4746453fcf94b5ea25d5f3756221fd2864c183b3f8e9e5f,ISO-specific CNavy/CLight Cornell template,installed
03-terms-and-definitions-cornell-notes.tex,03-terms-and-definitions-cornell-notes.tex,f15f763a0380fae8095f935c771313204630c0e561034af0b6f071e23d4c0315,iso,03-terms-and-definitions-cornell-notes.tex,Clause,03,03,Terms And Definitions,03-terms-and-definitions,src/cornell-notes/architecture/standards/iso-iec-ieee-42010-2022/clauses/03-terms-and-definitions/03-terms-and-definitions-cornell-notes.tex,8613d1a41ba99e7cf312d527f52612da8baf7722ee2a3714df402b92eb023766,ISO-specific CNavy/CLight Cornell template,installed
04-conformance-cornell-notes.tex,04-conformance-cornell-notes.tex,32c801cc8237d00610f6a7e997e4bf747b6f33eb890705d8ca412eb2dde6696c,iso,04-conformance-cornell-notes.tex,Clause,04,04,Conformance,04-conformance,src/cornell-notes/architecture/standards/iso-iec-ieee-42010-2022/clauses/04-conformance/04-conformance-cornell-notes.tex,cb6838110360ad75013b3f173ebddaf02139c4d7981b6fc0487bfc0313154227,ISO-specific CNavy/CLight Cornell template,installed
05-01-general-cornell-notes.tex,05-01-general-cornell-notes.tex,e2bb49edb592985297766f3e89eb3a3d28531173bb034996b7a4c682d83588ef,iso,05-01-general-cornell-notes.tex,Clause,05,05.01,General,05-general,src/cornell-notes/architecture/standards/iso-iec-ieee-42010-2022/clauses/05-general/05-01-general-cornell-notes.tex,fbda85fa3baab52b663cff5c84331138e4f0e2f98acda1a52d3cb93ae4219bea,ISO-specific CNavy/CLight Cornell template,installed
05-02-01-context-of-architecture-description-cornell-notes.tex,05-02-01-context-of-architecture-description-cornell-notes.tex,5299b498123c383e46da28c19bb782bcb408ad60240a0fac24c11106783cc979,iso,05-02-01-context-of-architecture-description-cornell-notes.tex,Clause,05,05.02.01,Context Of Architecture Description,05-context-of-architecture-description,src/cornell-notes/architecture/standards/iso-iec-ieee-42010-2022/clauses/05-context-of-architecture-description/05-02-01-context-of-architecture-description-cornell-notes.tex,5d8029618f8e2bf04464c11ce67382bcd0840495178e0bf2339326c3abe27809,ISO-specific CNavy/CLight Cornell template,installed
05-02-02-architectures-and-architecture-descriptions-cornell-notes.tex,05-02-02-architectures-and-architecture-descriptions-cornell-notes.tex,bbb6c7e2698d88283583cf308c1316770c8aaa51483e7dff5df6eaf18be59cd4,iso,05-02-02-architectures-and-architecture-descriptions-cornell-notes.tex,Clause,05,05.02.02,Architectures And Architecture Descriptions,05-architectures-and-architecture-descriptions,src/cornell-notes/architecture/standards/iso-iec-ieee-42010-2022/clauses/05-architectures-and-architecture-descriptions/05-02-02-architectures-and-architecture-descriptions-cornell-notes.tex,10887ef3fe87c4353c8577f192b0c9b55078f7b9b959760b571334e572c308f5,ISO-specific CNavy/CLight Cornell template,installed
05-02-03-stakeholders-and-concerns-cornell-notes.tex,05-02-03-stakeholders-and-concerns-cornell-notes.tex,3a0e3a10c0030b883f6024945f9c546f7f2d5b943181739011e8f76d8f74f5fe,iso,05-02-03-stakeholders-and-concerns-cornell-notes.tex,Clause,05,05.02.03,Stakeholders And Concerns,05-stakeholders-and-concerns,src/cornell-notes/architecture/standards/iso-iec-ieee-42010-2022/clauses/05-stakeholders-and-concerns/05-02-03-stakeholders-and-concerns-cornell-notes.tex,dd241b716ec02999632083b2bf02e1fc80e11d4104feca0cae8f1617b3d3dd59,ISO-specific CNavy/CLight Cornell template,installed
05-02-04-stakeholder-perspectives-cornell-notes.tex,05-02-04-stakeholder-perspectives-cornell-notes.tex,69e735a794d3a9eaee006a32da4dcf9279234f3b147e14ac13d60cb5615426fa,iso,05-02-04-stakeholder-perspectives-cornell-notes.tex,Clause,05,05.02.04,Stakeholder Perspectives,05-stakeholder-perspectives,src/cornell-notes/architecture/standards/iso-iec-ieee-42010-2022/clauses/05-stakeholder-perspectives/05-02-04-stakeholder-perspectives-cornell-notes.tex,f3144ed2f92bd2bb48fb5c41dee8fca0506cea4283a1c17df42a5b2574f47045,ISO-specific CNavy/CLight Cornell template,installed
05-02-05-aspects-cornell-notes.tex,05-02-05-aspects-cornell-notes.tex,7dc497fdf75e9e1e3fe05054f796260e856a0d20a163d0cc84add5f96e4c6bed,iso,05-02-05-aspects-cornell-notes.tex,Clause,05,05.02.05,Aspects,05-aspects,src/cornell-notes/architecture/standards/iso-iec-ieee-42010-2022/clauses/05-aspects/05-02-05-aspects-cornell-notes.tex,fc9047b4c5d5fb8649a4e821c87ef1ca7210de3d294f80bd78c6790d53bed066,ISO-specific CNavy/CLight Cornell template,installed
05-02-06-architecture-considerations-cornell-notes.tex,05-02-06-architecture-considerations-cornell-notes.tex,86161b84440daf0d3ad19375db43462ededd5bb4c3f4b23b60ebe2505ebb80be,iso,05-02-06-architecture-considerations-cornell-notes.tex,Clause,05,05.02.06,Architecture Considerations,05-architecture-considerations,src/cornell-notes/architecture/standards/iso-iec-ieee-42010-2022/clauses/05-architecture-considerations/05-02-06-architecture-considerations-cornell-notes.tex,155b2a66a81ccd61d74550ebf72b91fa63b920e2905b94e3a511780d80f1bf05,ISO-specific CNavy/CLight Cornell template,installed
05-02-07-architecture-views-and-architecture-viewpoints-cornell-notes.tex,05-02-07-architecture-views-and-architecture-viewpoints-cornell-notes.tex,6bea67a5e6e59c85bff9c9959ed5be4719725ef4d4438d7cc74c7679b30b36f4,iso,05-02-07-architecture-views-and-architecture-viewpoints-cornell-notes.tex,Clause,05,05.02.07,Architecture Views And Architecture Viewpoints,05-architecture-views-and-architecture-viewpoints,src/cornell-notes/architecture/standards/iso-iec-ieee-42010-2022/clauses/05-architecture-views-and-architecture-viewpoints/05-02-07-architecture-views-and-architecture-viewpoints-cornell-notes.tex,c367c0e3b71d8899b41818813673f2f92858f1f8fd1271c138bcfd1f6a8d9c93,ISO-specific CNavy/CLight Cornell template,installed
05-02-08-model-kinds-legends-and-architecture-view-components-cornell-notes.tex,05-02-08-model-kinds-legends-and-architecture-view-components-cornell-notes.tex,5a69602be33eaff1157b12df9bef6feebcbd41083db2ee533d7c906cc554621d,iso,05-02-08-model-kinds-legends-and-architecture-view-components-cornell-notes.tex,Clause,05,05.02.08,Model Kinds Legends And Architecture View Components,05-model-kinds-legends-and-architecture-view-components,src/cornell-notes/architecture/standards/iso-iec-ieee-42010-2022/clauses/05-model-kinds-legends-and-architecture-view-components/05-02-08-model-kinds-legends-and-architecture-view-components-cornell-notes.tex,94e9ed1492360ea0915e854b00ca7e1fba5e2d53185f53e7ef6627bacdbcfac7,ISO-specific CNavy/CLight Cornell template,installed
05-02-09-architecture-description-ad-elements-cornell-notes.tex,05-02-09-architecture-description-ad-elements-cornell-notes.tex,211fe5f31a21e637ca60bc2165ca4b3a3769e2213f654f13495b022f0a300f56,iso,05-02-09-architecture-description-ad-elements-cornell-notes.tex,Clause,05,05.02.09,Architecture Description Ad Elements,05-architecture-description-ad-elements,src/cornell-notes/architecture/standards/iso-iec-ieee-42010-2022/clauses/05-architecture-description-ad-elements/05-02-09-architecture-description-ad-elements-cornell-notes.tex,c096c52753bef92c66c96aae1c57bf193e7f349d2a6b7a8b62d15cec0d830dcf,ISO-specific CNavy/CLight Cornell template,installed
05-02-10-view-methods-cornell-notes.tex,05-02-10-view-methods-cornell-notes.tex,b0b8ed6757bdb0c95ace6f2775e96047bc6f9a6d86f74ff3d5155c644a58f85d,iso,05-02-10-view-methods-cornell-notes.tex,Clause,05,05.02.10,View Methods,05-view-methods,src/cornell-notes/architecture/standards/iso-iec-ieee-42010-2022/clauses/05-view-methods/05-02-10-view-methods-cornell-notes.tex,0cec26a7a3b9e42836fdf3ec76de5c66fda12cee625170f0f7f2567733cb3ff2,ISO-specific CNavy/CLight Cornell template,installed
05-02-11-ad-element-correspondence-cornell-notes.tex,05-02-11-ad-element-correspondence-cornell-notes.tex,0423a601f0b53f7ca0a4e302564331d2a53ccbe645dcbd97839755e702cdf301,iso,05-02-11-ad-element-correspondence-cornell-notes.tex,Clause,05,05.02.11,Ad Element Correspondence,05-ad-element-correspondence,src/cornell-notes/architecture/standards/iso-iec-ieee-42010-2022/clauses/05-ad-element-correspondence/05-02-11-ad-element-correspondence-cornell-notes.tex,cf5b789b9b0ef89aee9c89e35c250f7ed4b80d7eff4db32cf5ba4071d2827bff,ISO-specific CNavy/CLight Cornell template,installed
05-02-12-architecture-decisions-and-rationale-cornell-notes.tex,05-02-12-architecture-decisions-and-rationale-cornell-notes.tex,e9ad84bf57c0564da41102f6b0a3d5b09fb7091a49b10862f8b9d70a38fd01e2,iso,05-02-12-architecture-decisions-and-rationale-cornell-notes.tex,Clause,05,05.02.12,Architecture Decisions And Rationale,05-architecture-decisions-and-rationale,src/cornell-notes/architecture/standards/iso-iec-ieee-42010-2022/clauses/05-architecture-decisions-and-rationale/05-02-12-architecture-decisions-and-rationale-cornell-notes.tex,4003b29f5481cca6cf1eb452467123cac3ccf5f1a7b67320cdd702d62d4a3eee,ISO-specific CNavy/CLight Cornell template,installed
05-03-architecture-description-in-the-life-cycle-cornell-notes.tex,05-03-architecture-description-in-the-life-cycle-cornell-notes.tex,54500c7b2159ee3399e33fedbebc275e187c4812a1efd17a9663091a2f7bfb80,iso,05-03-architecture-description-in-the-life-cycle-cornell-notes.tex,Clause,05,05.03,Architecture Description In The Life Cycle,05-architecture-description-in-the-life-cycle,src/cornell-notes/architecture/standards/iso-iec-ieee-42010-2022/clauses/05-architecture-description-in-the-life-cycle/05-03-architecture-description-in-the-life-cycle-cornell-notes.tex,f8ce8595a3849aa1e1b126ac958fe1fabd9b50cce7adce18f7914418cad8d18d,ISO-specific CNavy/CLight Cornell template,installed
05-04-01-general-cornell-notes.tex,05-04-01-general-cornell-notes.tex,e5374af5f2484008009388b584f66be8fce050e725619383b66fb8745fd1dd5b,iso,05-04-01-general-cornell-notes.tex,Clause,05,05.04.01,General,05-general,src/cornell-notes/architecture/standards/iso-iec-ieee-42010-2022/clauses/05-general/05-04-01-general-cornell-notes.tex,b149f30be76cdaa0996f2dd11378195c6b5d6d2c293b39a5ba3208964283466f,ISO-specific CNavy/CLight Cornell template,installed
05-04-02-architecture-description-frameworks-cornell-notes.tex,05-04-02-architecture-description-frameworks-cornell-notes.tex,083a1620c812d3307cf60ce68f3afca08d6b00b2688382b5269f1b5ff8cbc92a,iso,05-04-02-architecture-description-frameworks-cornell-notes.tex,Clause,05,05.04.02,Architecture Description Frameworks,05-architecture-description-frameworks,src/cornell-notes/architecture/standards/iso-iec-ieee-42010-2022/clauses/05-architecture-description-frameworks/05-04-02-architecture-description-frameworks-cornell-notes.tex,336ecf67f676024e530b86d447bcc3fdcd9c8072e3680e887e7f4552596bbb13,ISO-specific CNavy/CLight Cornell template,installed
05-04-03-adf-utilization-cornell-notes.tex,05-04-03-adf-utilization-cornell-notes.tex,896c8be61995fbd79078b380418a2463729adcb5b49d5ffaf5483b0f32323d08,iso,05-04-03-adf-utilization-cornell-notes.tex,Clause,05,05.04.03,Adf Utilization,05-adf-utilization,src/cornell-notes/architecture/standards/iso-iec-ieee-42010-2022/clauses/05-adf-utilization/05-04-03-adf-utilization-cornell-notes.tex,ccf201fb11f413eac23860d89d0936bb7c0f3dd17e33211085a6873f02ffb90f,ISO-specific CNavy/CLight Cornell template,installed
05-04-04-architecture-description-languages-cornell-notes.tex,05-04-04-architecture-description-languages-cornell-notes.tex,e40170b0ff4c0ac8c5c801a07cd3ca7cd21019080fd131a943685dface7695b3,iso,05-04-04-architecture-description-languages-cornell-notes.tex,Clause,05,05.04.04,Architecture Description Languages,05-architecture-description-languages,src/cornell-notes/architecture/standards/iso-iec-ieee-42010-2022/clauses/05-architecture-description-languages/05-04-04-architecture-description-languages-cornell-notes.tex,4dc834d13e138e8daf02b5d5a7bd950d24b0c1b50f4e4561751c4e8fba05157f,ISO-specific CNavy/CLight Cornell template,installed
06-01-architecture-description-identification-and-overview-cornell-notes.tex,06-01-architecture-description-identification-and-overview-cornell-notes.tex,1b4145701cff4efade02476887fb8a985b62284564dcdfef64f26aa37bdb8879,iso,06-01-architecture-description-identification-and-overview-cornell-notes.tex,Clause,06,06.01,Architecture Description Identification And Overview,06-architecture-description-identification-and-overview,src/cornell-notes/architecture/standards/iso-iec-ieee-42010-2022/clauses/06-architecture-description-identification-and-overview/06-01-architecture-description-identification-and-overview-cornell-notes.tex,e2eddd0992afc39b3493bcd98194130a36caf79e4dbf7545230bff2180d24d46,ISO-specific CNavy/CLight Cornell template,installed
06-02-identification-of-stakeholders-cornell-notes.tex,06-02-identification-of-stakeholders-cornell-notes.tex,de28060b7f2c408bda118906770ad1523352bc5b003b555a8d5fc2eb5a523307,iso,06-02-identification-of-stakeholders-cornell-notes.tex,Clause,06,06.02,Identification Of Stakeholders,06-identification-of-stakeholders,src/cornell-notes/architecture/standards/iso-iec-ieee-42010-2022/clauses/06-identification-of-stakeholders/06-02-identification-of-stakeholders-cornell-notes.tex,d19d2a302d17e3b34d815ab927a3aa88b3feec4ac50b5353f189fd5a39cf7e5f,ISO-specific CNavy/CLight Cornell template,installed
06-03-identification-of-stakeholder-perspectives-cornell-notes.tex,06-03-identification-of-stakeholder-perspectives-cornell-notes.tex,a72d6dbf1cfab3294749b886a57ebf29af1c3d3178366bae0b8f044df96ce0ea,iso,06-03-identification-of-stakeholder-perspectives-cornell-notes.tex,Clause,06,06.03,Identification Of Stakeholder Perspectives,06-identification-of-stakeholder-perspectives,src/cornell-notes/architecture/standards/iso-iec-ieee-42010-2022/clauses/06-identification-of-stakeholder-perspectives/06-03-identification-of-stakeholder-perspectives-cornell-notes.tex,d6d46e5c3ef8acb7169ae030e2056d34330784113cd93e0e6b3651abfa476a9c,ISO-specific CNavy/CLight Cornell template,installed
06-04-identification-of-concerns-cornell-notes.tex,06-04-identification-of-concerns-cornell-notes.tex,49be76bacce75fed2213de922b8574eecd265e4e2c039bb8fbf1512007b15316,iso,06-04-identification-of-concerns-cornell-notes.tex,Clause,06,06.04,Identification Of Concerns,06-identification-of-concerns,src/cornell-notes/architecture/standards/iso-iec-ieee-42010-2022/clauses/06-identification-of-concerns/06-04-identification-of-concerns-cornell-notes.tex,c78bd7e4915919ac59f54486b9dd179c1e23179847e9970f82a85842be037f80,ISO-specific CNavy/CLight Cornell template,installed
06-05-identification-of-aspects-cornell-notes.tex,06-05-identification-of-aspects-cornell-notes.tex,1c5334731b8bdc0d80717bdaf30a529e9031072f3e500d85ead89edd01c35e10,iso,06-05-identification-of-aspects-cornell-notes.tex,Clause,06,06.05,Identification Of Aspects,06-identification-of-aspects,src/cornell-notes/architecture/standards/iso-iec-ieee-42010-2022/clauses/06-identification-of-aspects/06-05-identification-of-aspects-cornell-notes.tex,e3e7d50d8c8c8dc4602e2a6d5b757bfb5342f2564b35608f2ef1d509e630f39c,ISO-specific CNavy/CLight Cornell template,installed
06-06-inclusion-of-architecture-viewpoints-cornell-notes.tex,06-06-inclusion-of-architecture-viewpoints-cornell-notes.tex,81045ed6aad04308c380e9810d12c8ad360d34781b6f6fe48ed81a1afc229b00,iso,06-06-inclusion-of-architecture-viewpoints-cornell-notes.tex,Clause,06,06.06,Inclusion Of Architecture Viewpoints,06-inclusion-of-architecture-viewpoints,src/cornell-notes/architecture/standards/iso-iec-ieee-42010-2022/clauses/06-inclusion-of-architecture-viewpoints/06-06-inclusion-of-architecture-viewpoints-cornell-notes.tex,1b54c6801d73dd8c7a3ab28ab67fd31af7bc772d4245dcfffacbacb947bdb9e4,ISO-specific CNavy/CLight Cornell template,installed
06-07-inclusion-of-architecture-views-cornell-notes.tex,06-07-inclusion-of-architecture-views-cornell-notes.tex,82b97fb062efe70aa23cfd1bebafb341eebdfa09c5faae0936abd4b124a7bc2a,iso,06-07-inclusion-of-architecture-views-cornell-notes.tex,Clause,06,06.07,Inclusion Of Architecture Views,06-inclusion-of-architecture-views,src/cornell-notes/architecture/standards/iso-iec-ieee-42010-2022/clauses/06-inclusion-of-architecture-views/06-07-inclusion-of-architecture-views-cornell-notes.tex,6dcd4b3e8606c8a7b65ede11429a426c886dfa364d9bd87b84294dbfdfa48f85,ISO-specific CNavy/CLight Cornell template,installed
06-08-inclusion-of-view-components-cornell-notes.tex,06-08-inclusion-of-view-components-cornell-notes.tex,411f03b69a8955226546f4d2d718217e04e5d959ff4d180bf3623959370db448,iso,06-08-inclusion-of-view-components-cornell-notes.tex,Clause,06,06.08,Inclusion Of View Components,06-inclusion-of-view-components,src/cornell-notes/architecture/standards/iso-iec-ieee-42010-2022/clauses/06-inclusion-of-view-components/06-08-inclusion-of-view-components-cornell-notes.tex,a8f93a4d72a9b8a41d8f42b0e27c898dcbba712d3316707ec879ef0d4494fef3,ISO-specific CNavy/CLight Cornell template,installed
06-09-01-consistency-within-an-architecture-description-cornell-notes.tex,06-09-01-consistency-within-an-architecture-description-cornell-notes.tex,26edf724d5556d2e6f8b71a7bf77c3b962caae1a2d56aab589d8b150c7e1478d,iso,06-09-01-consistency-within-an-architecture-description-cornell-notes.tex,Clause,06,06.09.01,Consistency Within An Architecture Description,06-consistency-within-an-architecture-description,src/cornell-notes/architecture/standards/iso-iec-ieee-42010-2022/clauses/06-consistency-within-an-architecture-description/06-09-01-consistency-within-an-architecture-description-cornell-notes.tex,209bef6724a38c4619ce1c98a51761c8a73d7b9e59357b61c55cb6293ea45693,ISO-specific CNavy/CLight Cornell template,installed
06-09-02-correspondences-cornell-notes.tex,06-09-02-correspondences-cornell-notes.tex,e08894d30a341b8854d80c7363f550119ca7ba820748d738f72e2daa15bfd9d1,iso,06-09-02-correspondences-cornell-notes.tex,Clause,06,06.09.02,Correspondences,06-correspondences,src/cornell-notes/architecture/standards/iso-iec-ieee-42010-2022/clauses/06-correspondences/06-09-02-correspondences-cornell-notes.tex,d9a836c15675f10a3257749c847953c15738c932080206e87653f41f51e2794e,ISO-specific CNavy/CLight Cornell template,installed
06-09-03-correspondence-methods-cornell-notes.tex,06-09-03-correspondence-methods-cornell-notes.tex,6fa354eb2f594be567cf2b51f1780f2e4db52752caa7f828b3bebc2d678a32b5,iso,06-09-03-correspondence-methods-cornell-notes.tex,Clause,06,06.09.03,Correspondence Methods,06-correspondence-methods,src/cornell-notes/architecture/standards/iso-iec-ieee-42010-2022/clauses/06-correspondence-methods/06-09-03-correspondence-methods-cornell-notes.tex,a01468ef1b996f878c36cb7986786b4d9243035c05cfbb2ebb7e837f4f6ff0cf,ISO-specific CNavy/CLight Cornell template,installed
06-10-01-decision-recording-cornell-notes.tex,06-10-01-decision-recording-cornell-notes.tex,1e61b408fbda213dce37ae075c04ecd3acc7810f942088afcb7734fcfaa73981,iso,06-10-01-decision-recording-cornell-notes.tex,Clause,06,06.10.01,Decision Recording,06-decision-recording,src/cornell-notes/architecture/standards/iso-iec-ieee-42010-2022/clauses/06-decision-recording/06-10-01-decision-recording-cornell-notes.tex,7bcc12c5e2dcf1eabb54f10b31fc819fc7ec1e4469aba8c95a63ce51a661dd4a,ISO-specific CNavy/CLight Cornell template,installed
06-10-02-rationale-recording-cornell-notes.tex,06-10-02-rationale-recording-cornell-notes.tex,f9e1f35ae69d9fcc4ebf4ed54c72c4f4395ea19f53486a1073daa03c762577eb,iso,06-10-02-rationale-recording-cornell-notes.tex,Clause,06,06.10.02,Rationale Recording,06-rationale-recording,src/cornell-notes/architecture/standards/iso-iec-ieee-42010-2022/clauses/06-rationale-recording/06-10-02-rationale-recording-cornell-notes.tex,4d9d391e299b135fb2254fd7a42efeb005e79cee3515845eaceb29312a9df691,ISO-specific CNavy/CLight Cornell template,installed
07-01-01-an-adf-3-5-shall-include-or-reference-cornell-notes.tex,07-01-01-an-adf-3-5-shall-include-or-reference-cornell-notes.tex,b96434b9c444e86f8c331ea3b52c220b3047ec9e4a4deb9c6eb6382a2051ae47,iso,07-01-01-an-adf-3-5-shall-include-or-reference-cornell-notes.tex,Clause,07,07.01.01,An Adf 3 5 Shall Include Or Reference,07-an-adf-3-5-shall-include-or-reference,src/cornell-notes/architecture/standards/iso-iec-ieee-42010-2022/clauses/07-an-adf-3-5-shall-include-or-reference/07-01-01-an-adf-3-5-shall-include-or-reference-cornell-notes.tex,17bb569f56d7b7c507ad1303b6302bfe98751b281ce8bd08088c798487336f7b,ISO-specific CNavy/CLight Cornell template,installed
07-01-02-when-expected-in-a-conforming-ad-an-adf-should-specify-cornell-notes.tex,07-01-02-when-expected-in-a-conforming-ad-an-adf-should-specify-cornell-notes.tex,c2fdb2879e497f03e97e737c047b63a189fedf4cefcb79a74754eb3f248b0c3f,iso,07-01-02-when-expected-in-a-conforming-ad-an-adf-should-specify-cornell-notes.tex,Clause,07,07.01.02,When Expected In A Conforming Ad An Adf Should Specify,07-when-expected-in-a-conforming-ad-an-adf-should-specify,src/cornell-notes/architecture/standards/iso-iec-ieee-42010-2022/clauses/07-when-expected-in-a-conforming-ad-an-adf-should-specify/07-01-02-when-expected-in-a-conforming-ad-an-adf-should-specify-cornell-notes.tex,2c2102e4b3a63bf2cd3b73a1283660403b10f9cad5ad19db7aa61ab2ecc89cb7,ISO-specific CNavy/CLight Cornell template,installed
07-02-specification-of-an-architecture-description-language-cornell-notes.tex,07-02-specification-of-an-architecture-description-language-cornell-notes.tex,9babc27630b42ac2167291a127fca642fcb06c798edda0e0a7355d19bddfe7ce,iso,07-02-specification-of-an-architecture-description-language-cornell-notes.tex,Clause,07,07.02,Specification Of An Architecture Description Language,07-specification-of-an-architecture-description-language,src/cornell-notes/architecture/standards/iso-iec-ieee-42010-2022/clauses/07-specification-of-an-architecture-description-language/07-02-specification-of-an-architecture-description-language-cornell-notes.tex,735559649459296ff88a358aa392925b16cf1676f7cdf3a2b98baa6ab612b087,ISO-specific CNavy/CLight Cornell template,installed
08-01-specification-of-an-architecture-viewpoint-cornell-notes.tex,08-01-specification-of-an-architecture-viewpoint-cornell-notes.tex,962cf5f4a155317738d07ca3d3e3dad417db3e717e1673f98773210314332b99,iso,08-01-specification-of-an-architecture-viewpoint-cornell-notes.tex,Clause,08,08.01,Specification Of An Architecture Viewpoint,08-specification-of-an-architecture-viewpoint,src/cornell-notes/architecture/standards/iso-iec-ieee-42010-2022/clauses/08-specification-of-an-architecture-viewpoint/08-01-specification-of-an-architecture-viewpoint-cornell-notes.tex,79d49ecaa100579bdcec619ac39d89c5412635510860061a7e4edadd60a76183,ISO-specific CNavy/CLight Cornell template,installed
08-02-specification-of-a-model-kind-cornell-notes.tex,08-02-specification-of-a-model-kind-cornell-notes.tex,bcf5889a6fbe5da279f5609d06af10ee6f9b54f8b002885a752132f3ccaa691e,iso,08-02-specification-of-a-model-kind-cornell-notes.tex,Clause,08,08.02,Specification Of A Model Kind,08-specification-of-a-model-kind,src/cornell-notes/architecture/standards/iso-iec-ieee-42010-2022/clauses/08-specification-of-a-model-kind/08-02-specification-of-a-model-kind-cornell-notes.tex,3ef3ce076efe88a87aacaa5c53cb06269ecb35c8b9d97788cbf296561775d3fd,ISO-specific CNavy/CLight Cornell template,installed
08-03-view-methods-cornell-notes.tex,08-03-view-methods-cornell-notes.tex,d440fc4244d94a60134413673f2c2601d4c7e1a7945539bb4780f5bd1fed245e,iso,08-03-view-methods-cornell-notes.tex,Clause,08,08.03,View Methods,08-view-methods,src/cornell-notes/architecture/standards/iso-iec-ieee-42010-2022/clauses/08-view-methods/08-03-view-methods-cornell-notes.tex,8c4cabd436c21f73dce5d90866f5e60666c566bb8c23a566007d9b9a7b48786f,ISO-specific CNavy/CLight Cornell template,installed
annex-a-01-general-cornell-notes.tex,annex-a-01-general-cornell-notes.tex,b057b20bf4fa0b39b58716256bc9eb77e6ffe2fd210456b5f998cb30f184e07e,iso,annex-a-01-general-cornell-notes.tex,Annex,annex-a,A.01,01-general,annex-a-01,src/cornell-notes/architecture/standards/iso-iec-ieee-42010-2022/annexes/annex-a-01/annex-a-01-general-cornell-notes.tex,a51a096907e3624f8690f2972990c8daa6fa871f7e8b7aa4c4363ae984e9d757,ISO-specific CNavy/CLight Cornell template,installed
annex-a-02-entities-and-their-architectures-cornell-notes.tex,annex-a-02-entities-and-their-architectures-cornell-notes.tex,b731cf94777db4a9471c2a86e0835a1b768a48893c14a6a7cf29b934cbfc0ff9,iso,annex-a-02-entities-and-their-architectures-cornell-notes.tex,Annex,annex-a,A.02,02-entities-and-their-architectures,annex-a-02,src/cornell-notes/architecture/standards/iso-iec-ieee-42010-2022/annexes/annex-a-02/annex-a-02-entities-and-their-architectures-cornell-notes.tex,f27e8813d0946d58e316b3e879057be4ff261ac60f92f8282cb7c5e8cd44a3bd,ISO-specific CNavy/CLight Cornell template,installed
annex-a-03-concerns-cornell-notes.tex,annex-a-03-concerns-cornell-notes.tex,7edcd1d975d1fc05c34118081c302221eb7c233e69e171648c87bd5b0b4bae41,iso,annex-a-03-concerns-cornell-notes.tex,Annex,annex-a,A.03,03-concerns,annex-a-03,src/cornell-notes/architecture/standards/iso-iec-ieee-42010-2022/annexes/annex-a-03/annex-a-03-concerns-cornell-notes.tex,f585dad3cebd7453bd58d877ff8a6c5e5fbe88d9247f8f8000497668c055ffcf,ISO-specific CNavy/CLight Cornell template,installed
annex-a-04-01-general-cornell-notes.tex,annex-a-04-01-general-cornell-notes.tex,06d8cc107691c63ea641dd15b74893817502eb60a55f0510613f2d74c47dbb33,iso,annex-a-04-01-general-cornell-notes.tex,Annex,annex-a,A.04.01,04-01-general,annex-a-04,src/cornell-notes/architecture/standards/iso-iec-ieee-42010-2022/annexes/annex-a-04/annex-a-04-01-general-cornell-notes.tex,e256990a9e01970213eb1ff84c14b5dd6b3fc6b5d85f76d18d4f274f846eecbe,ISO-specific CNavy/CLight Cornell template,installed
annex-a-04-02-aspects-cornell-notes.tex,annex-a-04-02-aspects-cornell-notes.tex,e91e309b2615d2d94d7fa548ca3393a1dca862811e0628e63a3e4085892abd3c,iso,annex-a-04-02-aspects-cornell-notes.tex,Annex,annex-a,A.04.02,04-02-aspects,annex-a-04,src/cornell-notes/architecture/standards/iso-iec-ieee-42010-2022/annexes/annex-a-04/annex-a-04-02-aspects-cornell-notes.tex,f0145f46177dd9d23bcaa454e9a8bd513833f6f671b9458efab1212adea79005,ISO-specific CNavy/CLight Cornell template,installed
annex-a-04-03-stakeholder-perspectives-cornell-notes.tex,annex-a-04-03-stakeholder-perspectives-cornell-notes.tex,13dd0f39d97d2aaa37e9eed5b6c641cfe3969603720f9ff78119e11786f405a4,iso,annex-a-04-03-stakeholder-perspectives-cornell-notes.tex,Annex,annex-a,A.04.03,04-03-stakeholder-perspectives,annex-a-04,src/cornell-notes/architecture/standards/iso-iec-ieee-42010-2022/annexes/annex-a-04/annex-a-04-03-stakeholder-perspectives-cornell-notes.tex,647249a1ddbecba95e6873010e62ade2a2f1348d94c59b8ff1eae5bc430dd6cb,ISO-specific CNavy/CLight Cornell template,installed
annex-a-04-04-structuring-formalisms-and-structural-categories-cornell-notes.tex,annex-a-04-04-structuring-formalisms-and-structural-categories-cornell-notes.tex,13bfc28115712978bddf02d55527bae90209422328f2ad1064bb82b43753b9a5,iso,annex-a-04-04-structuring-formalisms-and-structural-categories-cornell-notes.tex,Annex,annex-a,A.04.04,04-04-structuring-formalisms-and-structural-categories,annex-a-04,src/cornell-notes/architecture/standards/iso-iec-ieee-42010-2022/annexes/annex-a-04/annex-a-04-04-structuring-formalisms-and-structural-categories-cornell-notes.tex,2f1310866c8e23e3b9d7797c62e1328c2d23d2d0d8917eec5c9e73196ddd3cb3,ISO-specific CNavy/CLight Cornell template,installed
annex-a-04-05-relationship-between-aspect-and-stakeholder-perspective-cornell-notes.tex,annex-a-04-05-relationship-between-aspect-and-stakeholder-perspective-cornell-notes.tex,bd655415006e1a9e2c328852f14a4973ade73803133464c59de61481c1369777,iso,annex-a-04-05-relationship-between-aspect-and-stakeholder-perspective-cornell-notes.tex,Annex,annex-a,A.04.05,04-05-relationship-between-aspect-and-stakeholder-perspective,annex-a-04,src/cornell-notes/architecture/standards/iso-iec-ieee-42010-2022/annexes/annex-a-04/annex-a-04-05-relationship-between-aspect-and-stakeholder-perspective-cornell-notes.tex,cb09f116aeb2eee9b46530560bd574fc45a6899f2320c7e8352fa1a1c34af17a,ISO-specific CNavy/CLight Cornell template,installed
annex-a-04-06-complementary-adf-approaches-cornell-notes.tex,annex-a-04-06-complementary-adf-approaches-cornell-notes.tex,c8651ebd0060fff07e27321f4ba92f7551f2a3b38ac8cbc3ab332af0462d8972,iso,annex-a-04-06-complementary-adf-approaches-cornell-notes.tex,Annex,annex-a,A.04.06,04-06-complementary-adf-approaches,annex-a-04,src/cornell-notes/architecture/standards/iso-iec-ieee-42010-2022/annexes/annex-a-04/annex-a-04-06-complementary-adf-approaches-cornell-notes.tex,f4e110dd1bccf42640516168f9fc409b2a8e30494a049d40d18bfde4b81033e7,ISO-specific CNavy/CLight Cornell template,installed
annex-a-05-architecture-views-and-viewpoints-cornell-notes.tex,annex-a-05-architecture-views-and-viewpoints-cornell-notes.tex,6cff0fa88d39e0e2fdb93baf8c21b40bb53251f0a91f7b9a5e74e86f685a0631,iso,annex-a-05-architecture-views-and-viewpoints-cornell-notes.tex,Annex,annex-a,A.05,05-architecture-views-and-viewpoints,annex-a-05,src/cornell-notes/architecture/standards/iso-iec-ieee-42010-2022/annexes/annex-a-05/annex-a-05-architecture-views-and-viewpoints-cornell-notes.tex,13ad6408463ee233f7bb7103ab7f87f56c49bc2ecda96d4544ae1de5f484cb86,ISO-specific CNavy/CLight Cornell template,installed
annex-a-06-correspondences-cornell-notes.tex,annex-a-06-correspondences-cornell-notes.tex,558c09066ff098b81b29262a68319509ecfb1a19510403b6c9c6ecca10c727b2,iso,annex-a-06-correspondences-cornell-notes.tex,Annex,annex-a,A.06,06-correspondences,annex-a-06,src/cornell-notes/architecture/standards/iso-iec-ieee-42010-2022/annexes/annex-a-06/annex-a-06-correspondences-cornell-notes.tex,ddb5cdae145fa9cb7cdf6e00b5e3d4e191b408c460f443d9d19fa48e49e33387,ISO-specific CNavy/CLight Cornell template,installed
annex-a-07-perspectives-on-architecture-description-languages-cornell-notes.tex,annex-a-07-perspectives-on-architecture-description-languages-cornell-notes.tex,e38d7c3dea03384b8a3b3ed23fd25759658b613984e76374f153a5c4e673517c,iso,annex-a-07-perspectives-on-architecture-description-languages-cornell-notes.tex,Annex,annex-a,A.07,07-perspectives-on-architecture-description-languages,annex-a-07,src/cornell-notes/architecture/standards/iso-iec-ieee-42010-2022/annexes/annex-a-07/annex-a-07-perspectives-on-architecture-description-languages-cornell-notes.tex,ea6e179aacf09ba16de26d2d524d9e04b0ede3b59a5059d286bfb747c92f8cbc,ISO-specific CNavy/CLight Cornell template,installed
annex-b-01-general-cornell-notes.tex,annex-b-01-general-cornell-notes.tex,e28b713ed205a7498174892f5f2764a0d4288af0eda4a9792d8091e58c110f9b,iso,annex-b-01-general-cornell-notes.tex,Annex,annex-b,B.01,01-general,annex-b-01,src/cornell-notes/architecture/standards/iso-iec-ieee-42010-2022/annexes/annex-b-01/annex-b-01-general-cornell-notes.tex,783c15cd6684153bda05ae76b5015ac7fe5f29c93eb30a30849d4e6c1c4c2b4f,ISO-specific CNavy/CLight Cornell template,installed
annex-b-02-01-template-overview-cornell-notes.tex,annex-b-02-01-template-overview-cornell-notes.tex,c2684368702bc3c7f5a94f2918558740a8d5efca7c45f6be0e887a8c6702fc00,iso,annex-b-02-01-template-overview-cornell-notes.tex,Annex,annex-b,B.02.01,02-01-template-overview,annex-b-02,src/cornell-notes/architecture/standards/iso-iec-ieee-42010-2022/annexes/annex-b-02/annex-b-02-01-template-overview-cornell-notes.tex,2fe5d6285bf624dd9e350f2c852da201c0e815a7e120e7cb91c70d280a8f3510,ISO-specific CNavy/CLight Cornell template,installed
annex-b-02-02-architecture-viewpoint-name-cornell-notes.tex,annex-b-02-02-architecture-viewpoint-name-cornell-notes.tex,5217d18546baea0059f162462f363b015b251185d75ebc0925cd89d54b787659,iso,annex-b-02-02-architecture-viewpoint-name-cornell-notes.tex,Annex,annex-b,B.02.02,02-02-architecture-viewpoint-name,annex-b-02,src/cornell-notes/architecture/standards/iso-iec-ieee-42010-2022/annexes/annex-b-02/annex-b-02-02-architecture-viewpoint-name-cornell-notes.tex,4f20046b0fcb2589f776de94234ded766126d86a610198d53c7d82ffb1414a45,ISO-specific CNavy/CLight Cornell template,installed
annex-b-02-03-architecture-viewpoint-overview-cornell-notes.tex,annex-b-02-03-architecture-viewpoint-overview-cornell-notes.tex,adb6580b19726205b437a34300f5a6532b6c622dbcd4b76e361549d7160a551f,iso,annex-b-02-03-architecture-viewpoint-overview-cornell-notes.tex,Annex,annex-b,B.02.03,02-03-architecture-viewpoint-overview,annex-b-02,src/cornell-notes/architecture/standards/iso-iec-ieee-42010-2022/annexes/annex-b-02/annex-b-02-03-architecture-viewpoint-overview-cornell-notes.tex,44e1108cf5267e86ea2d9962be1be111e440e34bd64407d5a137d34c550151f7,ISO-specific CNavy/CLight Cornell template,installed
annex-b-02-04-concerns-cornell-notes.tex,annex-b-02-04-concerns-cornell-notes.tex,ac2899a4d880c93b004601e15bd279a4d97c574ca12f23294d8cd7a88e21b1a2,iso,annex-b-02-04-concerns-cornell-notes.tex,Annex,annex-b,B.02.04,02-04-concerns,annex-b-02,src/cornell-notes/architecture/standards/iso-iec-ieee-42010-2022/annexes/annex-b-02/annex-b-02-04-concerns-cornell-notes.tex,c44b3f88bc3118446d915fd37e02d89b844216edc35b5ddbac7ca816501f4482,ISO-specific CNavy/CLight Cornell template,installed
annex-b-02-05-stakeholder-perspectives-cornell-notes.tex,annex-b-02-05-stakeholder-perspectives-cornell-notes.tex,2f18c005ac815863ff05eeee8dab3be782f104fc9c1b90b1cfdbd024c78a23d6,iso,annex-b-02-05-stakeholder-perspectives-cornell-notes.tex,Annex,annex-b,B.02.05,02-05-stakeholder-perspectives,annex-b-02,src/cornell-notes/architecture/standards/iso-iec-ieee-42010-2022/annexes/annex-b-02/annex-b-02-05-stakeholder-perspectives-cornell-notes.tex,892cee65b294e3bef245611dd5c85a1194f07a19b257b63f0ef592a2fb75781e,ISO-specific CNavy/CLight Cornell template,installed
annex-b-02-06-aspects-cornell-notes.tex,annex-b-02-06-aspects-cornell-notes.tex,3d7fede2b5f4f828ab737c30d8f2cd1ba4322fa6043613f9e0a9e87937b16424,iso,annex-b-02-06-aspects-cornell-notes.tex,Annex,annex-b,B.02.06,02-06-aspects,annex-b-02,src/cornell-notes/architecture/standards/iso-iec-ieee-42010-2022/annexes/annex-b-02/annex-b-02-06-aspects-cornell-notes.tex,1dd114b6690e3c3a72829adae7678ffdb7b95b29c8de232aecbc1f94d4f7bdd1,ISO-specific CNavy/CLight Cornell template,installed
annex-b-02-07-typical-stakeholders-cornell-notes.tex,annex-b-02-07-typical-stakeholders-cornell-notes.tex,881e99a59a7b056806242eba6096f284a57a26ddd59385a91f2fe912a086cbcb,iso,annex-b-02-07-typical-stakeholders-cornell-notes.tex,Annex,annex-b,B.02.07,02-07-typical-stakeholders,annex-b-02,src/cornell-notes/architecture/standards/iso-iec-ieee-42010-2022/annexes/annex-b-02/annex-b-02-07-typical-stakeholders-cornell-notes.tex,f4fa2a90a1f9426708a3f768398ee52407b1322a2f466074a882e3c5461d5c01,ISO-specific CNavy/CLight Cornell template,installed
annex-b-02-08-correspondence-methods-cornell-notes.tex,annex-b-02-08-correspondence-methods-cornell-notes.tex,1d5d8e1b399ba2211894c90815953ececfbb0904d3c7079332a0a4147e21fbb4,iso,annex-b-02-08-correspondence-methods-cornell-notes.tex,Annex,annex-b,B.02.08,02-08-correspondence-methods,annex-b-02,src/cornell-notes/architecture/standards/iso-iec-ieee-42010-2022/annexes/annex-b-02/annex-b-02-08-correspondence-methods-cornell-notes.tex,567ec37595328a3c35e0b2752b2834d3dda03610acb5fb1afc468ab6f9fb7cb0,ISO-specific CNavy/CLight Cornell template,installed
annex-b-02-09-01-general-cornell-notes.tex,annex-b-02-09-01-general-cornell-notes.tex,802b25a58f86b91145038205422d4f578012860eb8e5ceba8b5a05974977bc8f,iso,annex-b-02-09-01-general-cornell-notes.tex,Annex,annex-b,B.02.09.01,02-09-01-general,annex-b-02,src/cornell-notes/architecture/standards/iso-iec-ieee-42010-2022/annexes/annex-b-02/annex-b-02-09-01-general-cornell-notes.tex,b935e3b0bc0fc4209eb16a603d5483d0b64596aaaf4d530a3257adc68e0d9f6f,ISO-specific CNavy/CLight Cornell template,installed
annex-b-02-09-02-metamodel-related-to-the-specification-of-a-model-kind-cornell-notes.tex,annex-b-02-09-02-metamodel-related-to-the-specification-of-a-model-kind-cornell-notes.tex,cd90c4e5bb65937309c1c9bf18b95014c117295b323b536c6fe865de88d16208,iso,annex-b-02-09-02-metamodel-related-to-the-specification-of-a-model-kind-cornell-notes.tex,Annex,annex-b,B.02.09.02,02-09-02-metamodel-related-to-the-specification-of-a-model-kind,annex-b-02,src/cornell-notes/architecture/standards/iso-iec-ieee-42010-2022/annexes/annex-b-02/annex-b-02-09-02-metamodel-related-to-the-specification-of-a-model-kind-cornell-notes.tex,0db310bd8ea99f4d9360fa1f261fca75399b588d401838822c4057a03c487093,ISO-specific CNavy/CLight Cornell template,installed
annex-b-02-09-03-templates-of-specifications-of-model-kinds-cornell-notes.tex,annex-b-02-09-03-templates-of-specifications-of-model-kinds-cornell-notes.tex,9a9066a96018e7af00947c5f3639cb070ee1710a5f91641db8036de7d4ea0b92,iso,annex-b-02-09-03-templates-of-specifications-of-model-kinds-cornell-notes.tex,Annex,annex-b,B.02.09.03,02-09-03-templates-of-specifications-of-model-kinds,annex-b-02,src/cornell-notes/architecture/standards/iso-iec-ieee-42010-2022/annexes/annex-b-02/annex-b-02-09-03-templates-of-specifications-of-model-kinds-cornell-notes.tex,97c11a55579950225dcf28dac52ff27528eb4d34e0b36dacd101e4d45a606f12,ISO-specific CNavy/CLight Cornell template,installed
annex-b-02-09-04-language-related-to-the-specification-of-a-model-kind-cornell-notes.tex,annex-b-02-09-04-language-related-to-the-specification-of-a-model-kind-cornell-notes.tex,736b4f0f1b23cbb0df64dffa548eb9d23e4b8656edea15271beec461fbb707a8,iso,annex-b-02-09-04-language-related-to-the-specification-of-a-model-kind-cornell-notes.tex,Annex,annex-b,B.02.09.04,02-09-04-language-related-to-the-specification-of-a-model-kind,annex-b-02,src/cornell-notes/architecture/standards/iso-iec-ieee-42010-2022/annexes/annex-b-02/annex-b-02-09-04-language-related-to-the-specification-of-a-model-kind-cornell-notes.tex,badbb41036de7d11afb7d16f6382c71e3af65fe3b2a28d6e744a35dcaaa9d450,ISO-specific CNavy/CLight Cornell template,installed
annex-b-02-10-view-methods-cornell-notes.tex,annex-b-02-10-view-methods-cornell-notes.tex,0349446f097e249a31af816b43c463641a718cce682b8656e0717e07fe7516d2,iso,annex-b-02-10-view-methods-cornell-notes.tex,Annex,annex-b,B.02.10,02-10-view-methods,annex-b-02,src/cornell-notes/architecture/standards/iso-iec-ieee-42010-2022/annexes/annex-b-02/annex-b-02-10-view-methods-cornell-notes.tex,1a3781ae2444d1391003bfabe0078d6685fa8a45118fd3b9bb4ca2c991e0ece5,ISO-specific CNavy/CLight Cornell template,installed
annex-b-02-11-examples-cornell-notes.tex,annex-b-02-11-examples-cornell-notes.tex,b39089119b92a472f3f32cc31257f775c37fc1ca868530a9107375f1605bbdba,iso,annex-b-02-11-examples-cornell-notes.tex,Annex,annex-b,B.02.11,02-11-examples,annex-b-02,src/cornell-notes/architecture/standards/iso-iec-ieee-42010-2022/annexes/annex-b-02/annex-b-02-11-examples-cornell-notes.tex,fa5d585bb199618fc6065e3a0c58548d364e8bd79a736b53e66ccc92e512c4cd,ISO-specific CNavy/CLight Cornell template,installed
annex-b-02-12-notes-cornell-notes.tex,annex-b-02-12-notes-cornell-notes.tex,39085c79eecd15073d6e29d94eccb0eef6db0735b09e3a395568a606cbe7105f,iso,annex-b-02-12-notes-cornell-notes.tex,Annex,annex-b,B.02.12,02-12-notes,annex-b-02,src/cornell-notes/architecture/standards/iso-iec-ieee-42010-2022/annexes/annex-b-02/annex-b-02-12-notes-cornell-notes.tex,410755e224a404f62d748f6c742c5ff61bf0f681714d26ad39fbd7731d5990b5,ISO-specific CNavy/CLight Cornell template,installed
annex-b-02-13-sources-cornell-notes.tex,annex-b-02-13-sources-cornell-notes.tex,037609c21a7589dd237bf7d0b78723040b0c5f439413cc8fa98436771395be5a,iso,annex-b-02-13-sources-cornell-notes.tex,Annex,annex-b,B.02.13,02-13-sources,annex-b-02,src/cornell-notes/architecture/standards/iso-iec-ieee-42010-2022/annexes/annex-b-02/annex-b-02-13-sources-cornell-notes.tex,f75ebb3d41c10cb70af8c0f608d84032308cf5e0e1bf3c4361bfae18b1701412,ISO-specific CNavy/CLight Cornell template,installed
annex-b-03-resources-for-specifications-of-architecture-viewpoints-cornell-notes.tex,annex-b-03-resources-for-specifications-of-architecture-viewpoints-cornell-notes.tex,124eca9bb631e848f1804eb2b14ddc872925b44d20ba16576dc680864a1780c6,iso,annex-b-03-resources-for-specifications-of-architecture-viewpoints-cornell-notes.tex,Annex,annex-b,B.03,03-resources-for-specifications-of-architecture-viewpoints,annex-b-03,src/cornell-notes/architecture/standards/iso-iec-ieee-42010-2022/annexes/annex-b-03/annex-b-03-resources-for-specifications-of-architecture-viewpoints-cornell-notes.tex,3cd543268f0072e10c31024db738147dd2a182bd01b2f0b20db6c8f9801f25ca,ISO-specific CNavy/CLight Cornell template,installed
annex-c-01-general-cornell-notes.tex,annex-c-01-general-cornell-notes.tex,737b556fc69aeca7efd505791b9e1acf6a26214bde6e6b698cd5b95301004d6c,iso,annex-c-01-general-cornell-notes.tex,Annex,annex-c,C.01,01-general,annex-c-01,src/cornell-notes/architecture/standards/iso-iec-ieee-42010-2022/annexes/annex-c-01/annex-c-01-general-cornell-notes.tex,8440b829cf0b61e5ee200a7f8aa9ef22a500ec54f251daff30ec5f99cf75a6c3,ISO-specific CNavy/CLight Cornell template,installed
annex-c-02-use-with-iso-iec-ieee-42020-cornell-notes.tex,annex-c-02-use-with-iso-iec-ieee-42020-cornell-notes.tex,28f89eac57398558ad39cae9487001aaf108c6fc94e365b4d2c0c36264aa96f8,iso,annex-c-02-use-with-iso-iec-ieee-42020-cornell-notes.tex,Annex,annex-c,C.02,02-use-with-iso-iec-ieee-42020,annex-c-02,src/cornell-notes/architecture/standards/iso-iec-ieee-42010-2022/annexes/annex-c-02/annex-c-02-use-with-iso-iec-ieee-42020-cornell-notes.tex,679052e6c2fa28bc6d1382de105019136c004b0a5f0678145462af2ac167c6d3,ISO-specific CNavy/CLight Cornell template,installed
annex-c-03-use-with-iso-iec-ieee-42030-cornell-notes.tex,annex-c-03-use-with-iso-iec-ieee-42030-cornell-notes.tex,339a34c4167735e20d90c736f6baf9d77df1d21ef57f39c59f26e1e9a9d4dd7d,iso,annex-c-03-use-with-iso-iec-ieee-42030-cornell-notes.tex,Annex,annex-c,C.03,03-use-with-iso-iec-ieee-42030,annex-c-03,src/cornell-notes/architecture/standards/iso-iec-ieee-42010-2022/annexes/annex-c-03/annex-c-03-use-with-iso-iec-ieee-42030-cornell-notes.tex,9389936bab5afe1d2d76620c6a34c146da8b607a8d42985a95acc89c939e2733,ISO-specific CNavy/CLight Cornell template,installed
annex-c-04-use-with-iso-15704-cornell-notes.tex,annex-c-04-use-with-iso-15704-cornell-notes.tex,bc5ecc93dff696c7c565bb8bedf9de9c6e6788c8b386b007ea89489817c61047,iso,annex-c-04-use-with-iso-15704-cornell-notes.tex,Annex,annex-c,C.04,04-use-with-iso-15704,annex-c-04,src/cornell-notes/architecture/standards/iso-iec-ieee-42010-2022/annexes/annex-c-04/annex-c-04-use-with-iso-15704-cornell-notes.tex,2338b366e6fee1f4ad47426c2dee37fc449f66d993ac7dfeedb2ad966fef027d,ISO-specific CNavy/CLight Cornell template,installed
annex-c-05-use-with-iso-iec-ieee-12207-cornell-notes.tex,annex-c-05-use-with-iso-iec-ieee-12207-cornell-notes.tex,54194d530f896eb95b8aaf01503ec9c2d0f2d24fb39182807af1425ea16d8815,iso,annex-c-05-use-with-iso-iec-ieee-12207-cornell-notes.tex,Annex,annex-c,C.05,05-use-with-iso-iec-ieee-12207,annex-c-05,src/cornell-notes/architecture/standards/iso-iec-ieee-42010-2022/annexes/annex-c-05/annex-c-05-use-with-iso-iec-ieee-12207-cornell-notes.tex,70ea8ee15f21ffaccf0581540ff04717f0adff0695090342f3e6a083ce8b5309,ISO-specific CNavy/CLight Cornell template,installed
annex-c-06-use-with-iso-iec-ieee-15288-cornell-notes.tex,annex-c-06-use-with-iso-iec-ieee-15288-cornell-notes.tex,ba2b5636b39624202370ad60e7b28f00c8b12b1d37c8c104d218cb2ae50ea92f,iso,annex-c-06-use-with-iso-iec-ieee-15288-cornell-notes.tex,Annex,annex-c,C.06,06-use-with-iso-iec-ieee-15288,annex-c-06,src/cornell-notes/architecture/standards/iso-iec-ieee-42010-2022/annexes/annex-c-06/annex-c-06-use-with-iso-iec-ieee-15288-cornell-notes.tex,720eb756e164b8cc92c65cf4f43546db648f4fc829be3c4fad0141366bd3bf4e,ISO-specific CNavy/CLight Cornell template,installed
annex-c-07-01-general-cornell-notes.tex,annex-c-07-01-general-cornell-notes.tex,f5acb31a9181e0f9a773be883d8a990adaa10928004388a877f0cce98e2151e2,iso,annex-c-07-01-general-cornell-notes.tex,Annex,annex-c,C.07.01,07-01-general,annex-c-07,src/cornell-notes/architecture/standards/iso-iec-ieee-42010-2022/annexes/annex-c-07/annex-c-07-01-general-cornell-notes.tex,aa39a8e9b39caf423d64133599fca224d9ab0f347f7dc41d7558ba27e2eddc92,ISO-specific CNavy/CLight Cornell template,installed
annex-c-07-02-enterprise-viewpoint-cornell-notes.tex,annex-c-07-02-enterprise-viewpoint-cornell-notes.tex,5d8e2fa65651a89475cfea9465d5d8f5d1b8f48547778d69f39fe0e260c8280e,iso,annex-c-07-02-enterprise-viewpoint-cornell-notes.tex,Annex,annex-c,C.07.02,07-02-enterprise-viewpoint,annex-c-07,src/cornell-notes/architecture/standards/iso-iec-ieee-42010-2022/annexes/annex-c-07/annex-c-07-02-enterprise-viewpoint-cornell-notes.tex,3043fb977d65edaa9a4eba5447e4bd3595395b290ef134009115e751b2393280,ISO-specific CNavy/CLight Cornell template,installed
annex-c-07-03-information-viewpoint-cornell-notes.tex,annex-c-07-03-information-viewpoint-cornell-notes.tex,80f10ff0e387d4422c1e594b134c7bf0ad350ad6665555f1c5b4ff1bd2a1ac45,iso,annex-c-07-03-information-viewpoint-cornell-notes.tex,Annex,annex-c,C.07.03,07-03-information-viewpoint,annex-c-07,src/cornell-notes/architecture/standards/iso-iec-ieee-42010-2022/annexes/annex-c-07/annex-c-07-03-information-viewpoint-cornell-notes.tex,43f9552792f5c8debb72792482ec35116e68c6693339ec63b70098bc4eae7db4,ISO-specific CNavy/CLight Cornell template,installed
annex-c-07-04-computational-viewpoint-cornell-notes.tex,annex-c-07-04-computational-viewpoint-cornell-notes.tex,be7d6a7aba4bb5ad77ece57be40a3b6f31cd66191abedc33b2b194d636e43733,iso,annex-c-07-04-computational-viewpoint-cornell-notes.tex,Annex,annex-c,C.07.04,07-04-computational-viewpoint,annex-c-07,src/cornell-notes/architecture/standards/iso-iec-ieee-42010-2022/annexes/annex-c-07/annex-c-07-04-computational-viewpoint-cornell-notes.tex,6ab42ec9c9edd3ea0a8298257551d1b6882cedabd18241aeae703cf876541842,ISO-specific CNavy/CLight Cornell template,installed
annex-c-07-05-engineering-viewpoint-cornell-notes.tex,annex-c-07-05-engineering-viewpoint-cornell-notes.tex,1359feb7d4d146be2ee8fe56f5fbbba614e1d94ac63e024076c9c05368c2bebf,iso,annex-c-07-05-engineering-viewpoint-cornell-notes.tex,Annex,annex-c,C.07.05,07-05-engineering-viewpoint,annex-c-07,src/cornell-notes/architecture/standards/iso-iec-ieee-42010-2022/annexes/annex-c-07/annex-c-07-05-engineering-viewpoint-cornell-notes.tex,20f7f412c314ba21045a06245cb4eb3702eec56792f9207f37f4cbc80fe451b1,ISO-specific CNavy/CLight Cornell template,installed
annex-c-07-06-technology-viewpoint-cornell-notes.tex,annex-c-07-06-technology-viewpoint-cornell-notes.tex,c1b1ec40451ab54cd3a22eb06d24330e6f27af014486292a226eca4fd1e96d2e,iso,annex-c-07-06-technology-viewpoint-cornell-notes.tex,Annex,annex-c,C.07.06,07-06-technology-viewpoint,annex-c-07,src/cornell-notes/architecture/standards/iso-iec-ieee-42010-2022/annexes/annex-c-07/annex-c-07-06-technology-viewpoint-cornell-notes.tex,52dfdca3c902c5275075aa8df795342176ce40aa0a3ce080f6eda8865aa27501,ISO-specific CNavy/CLight Cornell template,installed
annex-d-01-general-cornell-notes.tex,annex-d-01-general-cornell-notes.tex,b965918e2bb1035afdec6ccccd92c914867f72583d0bded596e562221004ac5f,iso,annex-d-01-general-cornell-notes.tex,Annex,annex-d,D.01,01-general,annex-d-01,src/cornell-notes/architecture/standards/iso-iec-ieee-42010-2022/annexes/annex-d-01/annex-d-01-general-cornell-notes.tex,529a5e58743a538f518253238259fbb35fa916c884523637ac9df40e95931d6d,ISO-specific CNavy/CLight Cornell template,installed
annex-d-02-uses-of-architecture-descriptions-cornell-notes.tex,annex-d-02-uses-of-architecture-descriptions-cornell-notes.tex,a94e2f4425c0233e7cecff24547dc7102c9a95e7ee34597940005f69b4b16607,iso,annex-d-02-uses-of-architecture-descriptions-cornell-notes.tex,Annex,annex-d,D.02,02-uses-of-architecture-descriptions,annex-d-02,src/cornell-notes/architecture/standards/iso-iec-ieee-42010-2022/annexes/annex-d-02/annex-d-02-uses-of-architecture-descriptions-cornell-notes.tex,9ba083edacbfb0a69d28bca542c2e30cc9ac4436f86eba6967e63bddc6248a93,ISO-specific CNavy/CLight Cornell template,installed
annex-e-01-general-cornell-notes.tex,annex-e-01-general-cornell-notes.tex,dcb02260865b1d72506a929f5d55d80785cd423bcc0d8ee797ad5705b6a14385,iso,annex-e-01-general-cornell-notes.tex,Annex,annex-e,E.01,01-general,annex-e-01,src/cornell-notes/architecture/standards/iso-iec-ieee-42010-2022/annexes/annex-e-01/annex-e-01-general-cornell-notes.tex,ed00624da227d051522a773e4388d2a121d939d3df7f8de46c7ea63d8833ce6b,ISO-specific CNavy/CLight Cornell template,installed
annex-e-02-architecting-in-the-life-cycle-cornell-notes.tex,annex-e-02-architecting-in-the-life-cycle-cornell-notes.tex,f9ee35237e27463d547c0a92136b2eddbfff4cc78134d8a8c2ef743a4dba54b7,iso,annex-e-02-architecting-in-the-life-cycle-cornell-notes.tex,Annex,annex-e,E.02,02-architecting-in-the-life-cycle,annex-e-02,src/cornell-notes/architecture/standards/iso-iec-ieee-42010-2022/annexes/annex-e-02/annex-e-02-architecting-in-the-life-cycle-cornell-notes.tex,a00363b9e9150cb4a9f26785130da6801e40b96fcfd754afc0e2a2271e6bd994,ISO-specific CNavy/CLight Cornell template,installed
annex-f-01-general-cornell-notes.tex,annex-f-01-general-cornell-notes.tex,0c454ea7a96645e34ac632e96ea2680e0112c9615012f6070b776f08c2bd38b5,iso,annex-f-01-general-cornell-notes.tex,Annex,annex-f,F.01,01-general,annex-f-01,src/cornell-notes/architecture/standards/iso-iec-ieee-42010-2022/annexes/annex-f-01/annex-f-01-general-cornell-notes.tex,03270f746f5900d4dc2a61bb16070645414d8f745c0ece7a0799f07240cfa798,ISO-specific CNavy/CLight Cornell template,installed
annex-f-02-evolution-of-adfs-cornell-notes.tex,annex-f-02-evolution-of-adfs-cornell-notes.tex,947b7f603351e789549f3458719ecb1f629537e873d4eb712c307d5d84f4946a,iso,annex-f-02-evolution-of-adfs-cornell-notes.tex,Annex,annex-f,F.02,02-evolution-of-adfs,annex-f-02,src/cornell-notes/architecture/standards/iso-iec-ieee-42010-2022/annexes/annex-f-02/annex-f-02-evolution-of-adfs-cornell-notes.tex,331b1c78ed2327aa1e3979a86211a0820fd2f2f00791523b116985a4bf9de7f8,ISO-specific CNavy/CLight Cornell template,installed
annex-f-03-01-adf-domains-cornell-notes.tex,annex-f-03-01-adf-domains-cornell-notes.tex,1cb96b91772ad68f098cdafd63b86607233e15a359c01ddb186e9502a69dc8cb,iso,annex-f-03-01-adf-domains-cornell-notes.tex,Annex,annex-f,F.03.01,03-01-adf-domains,annex-f-03,src/cornell-notes/architecture/standards/iso-iec-ieee-42010-2022/annexes/annex-f-03/annex-f-03-01-adf-domains-cornell-notes.tex,2f10f0178b666eda86ce1222a9fd9996332e71caf59227a4bccf1f522675ac72,ISO-specific CNavy/CLight Cornell template,installed
annex-f-03-02-identification-of-stakeholders-and-definition-of-their-perspectives-cornell-notes.tex,annex-f-03-02-identification-of-stakeholders-and-definition-of-their-perspectives-cornell-notes.tex,f6d0fd1f7597848810db1e687e7379fce62efbba731c520b468f29e8c2cfe5bc,iso,annex-f-03-02-identification-of-stakeholders-and-definition-of-their-perspectives-cornell-notes.tex,Annex,annex-f,F.03.02,03-02-identification-of-stakeholders-and-definition-of-their-perspectives,annex-f-03,src/cornell-notes/architecture/standards/iso-iec-ieee-42010-2022/annexes/annex-f-03/annex-f-03-02-identification-of-stakeholders-and-definition-of-their-perspectives-cornell-notes.tex,94a123117184ba04287490ef8b1d5f5cb2ceb98b24b152dc152cbf518917b064,ISO-specific CNavy/CLight Cornell template,installed
annex-f-03-03-definition-of-aspects-cornell-notes.tex,annex-f-03-03-definition-of-aspects-cornell-notes.tex,3d184510551272c17e755517efaeeeee894422e7a8d6177f250eb2e766610b0e,iso,annex-f-03-03-definition-of-aspects-cornell-notes.tex,Annex,annex-f,F.03.03,03-03-definition-of-aspects,annex-f-03,src/cornell-notes/architecture/standards/iso-iec-ieee-42010-2022/annexes/annex-f-03/annex-f-03-03-definition-of-aspects-cornell-notes.tex,7c8c986158f66c79f6d976c562ea14e28b50e11fb193ceff3d2abe66fc6f0c63,ISO-specific CNavy/CLight Cornell template,installed
annex-f-03-04-specification-of-architecture-viewpoint-cornell-notes.tex,annex-f-03-04-specification-of-architecture-viewpoint-cornell-notes.tex,3881a21119d6f34f01448f71a5276643191b7bb2436692a69585702d3a16d3a9,iso,annex-f-03-04-specification-of-architecture-viewpoint-cornell-notes.tex,Annex,annex-f,F.03.04,03-04-specification-of-architecture-viewpoint,annex-f-03,src/cornell-notes/architecture/standards/iso-iec-ieee-42010-2022/annexes/annex-f-03/annex-f-03-04-specification-of-architecture-viewpoint-cornell-notes.tex,360838f10f06394d69ae37a96ab3e42be7469731403b27a1f69557f917f67f4c,ISO-specific CNavy/CLight Cornell template,installed
annex-f-03-05-specification-of-formalisms-and-languages-cornell-notes.tex,annex-f-03-05-specification-of-formalisms-and-languages-cornell-notes.tex,124cf0050ab81bde4a083b9f4ec0980ba52a1082d8b2e0dc8df63c92d900ff48,iso,annex-f-03-05-specification-of-formalisms-and-languages-cornell-notes.tex,Annex,annex-f,F.03.05,03-05-specification-of-formalisms-and-languages,annex-f-03,src/cornell-notes/architecture/standards/iso-iec-ieee-42010-2022/annexes/annex-f-03/annex-f-03-05-specification-of-formalisms-and-languages-cornell-notes.tex,5d6db46afbfea5bc3c9dd07d1170020252f2193a01b53d9b7c4e9ba5bcd8f122,ISO-specific CNavy/CLight Cornell template,installed
annex-f-04-compliance-with-adf-requirements-cornell-notes.tex,annex-f-04-compliance-with-adf-requirements-cornell-notes.tex,e98027137b6420096f3f90686f72c60eb99160b2dd267b52800326fb39e22082,iso,annex-f-04-compliance-with-adf-requirements-cornell-notes.tex,Annex,annex-f,F.04,04-compliance-with-adf-requirements,annex-f-04,src/cornell-notes/architecture/standards/iso-iec-ieee-42010-2022/annexes/annex-f-04/annex-f-04-compliance-with-adf-requirements-cornell-notes.tex,eb6e22f0a4e807f900d6529fcb6597ed113762b67f25ca7ccfd0eab6bf3d15b1,ISO-specific CNavy/CLight Cornell template,installed
introduction-cornell-notes.tex,introduction-cornell-notes.tex,1a2c4490b290bf483cf99871a716f87e17b0629d940a9832f9d87cba80f52010,iso,introduction-cornell-notes.tex,Introduction,introduction,Introduction,Introduction,Introduction,src/cornell-notes/architecture/standards/iso-iec-ieee-42010-2022/introduction/introduction-cornell-notes.tex,4720be842dfcd36b64dda2e3e930cc51f8e189ad89fb047bd633ecd22f11dcd1,ISO-specific CNavy/CLight Cornell template,installed
